REF_AREA,Geographic area,INDICATOR,Indicator,SEX,Sex,WEALTH_QUINTILE,Wealth Quintile,DATA_SOURCE,COUNTRY_NOTES,UNIT_MEASURE,Unit of measure,TIME_PERIOD,OBS_VALUE,REF_PERIOD,LOWER_BOUND,UPPER_BOUND,OBS_STATUS,Observation Status
BRA,Brazil,CME_MRY0T4,Under-five mortality rate,F,Female,_T,Total,UN_IGME,,D_PER_1000_B,"Deaths per 1,000 live births",2020,13.1817699535802,,12.1070752264054,14.3687725554605,A,Normal value
BRA,Brazil,CME_MRY0T4,Under-five mortality rate,M,Male,_T,Total,UN_IGME,,D_PER_1000_B,"Deaths per 1,000 live births",2020,16.4820603661006,,15.2344717830483,17.811749091182,A,Normal value
BRA,Brazil,CME_MRY0T4,Under-five mortality rate,_T,Total,Q1,Lowest,UN_IGME,,D_PER_1000_B,"Deaths per 1,000 live births",2020,22.0975693502455,,18.3781644696491,26.0941887738977,A,Normal value
BRA,Brazil,CME_MRY0T4,Under-five mortality rate,_T,Total,Q2,Second,UN_IGME,,D_PER_1000_B,"Deaths per 1,000 live births",2020,16.4863999570584,,14.1569292130683,19.0294037260441,A,Normal value
BRA,Brazil,CME_MRY0T4,Under-five mortality rate,_T,Total,Q3,Middle,UN_IGME,,D_PER_1000_B,"Deaths per 1,000 live births",2020,14.6222861821264,,12.9764436099706,16.2878526174633,A,Normal value
BRA,Brazil,CME_MRY0T4,Under-five mortality rate,_T,Total,Q4,Fourth,UN_IGME,,D_PER_1000_B,"Deaths per 1,000 live births",2020,12.268369721261,,10.2277491353574,14.5530729471139,A,Normal value
BRA,Brazil,CME_MRY0T4,Under-five mortality rate,_T,Total,Q5,Highest,UN_IGME,,D_PER_1000_B,"Deaths per 1,000 live births",2020,8.88485381715177,,6.71068033459324,11.7011652855218,A,Normal value
BRA,Brazil,CME_MRY0T4,Under-five mortality rate,_T,Total,_T,Total,UN_IGME,,D_PER_1000_B,"Deaths per 1,000 live births",2020,14.8718958055686,,13.8983933186241,15.9142491084894,A,Normal value
