<?xml version='1.0' encoding='UTF-8'?><mes:Structure xmlns:xsi="http://www.w3.org/2001/XMLSchema-instance" xmlns:xml="http://www.w3.org/XML/1998/namespace" xmlns:mes="http://www.sdmx.org/resources/sdmxml/schemas/v2_1/message" xmlns:str="http://www.sdmx.org/resources/sdmxml/schemas/v2_1/structure" xmlns:com="http://www.sdmx.org/resources/sdmxml/schemas/v2_1/common" xsi:schemaLocation="http://www.sdmx.org/resources/sdmxml/schemas/v2_1/message https://registry.sdmx.org/schemas/v2_1/SDMXMessage.xsd"><mes:Header><mes:ID>IREF697183</mes:ID><mes:Test>false</mes:Test><mes:Prepared>2026-02-11T00:28:31Z</mes:Prepared><mes:Sender id="UNICEF"/><mes:Receiver id="not_supplied"/></mes:Header><mes:Structures><str:Codelists><str:Codelist urn="urn:sdmx:org.sdmx.infomodel.codelist.Codelist=UNICEF:CL_WEALTH_QUINTILE(1.0)" isExternalReference="false" agencyID="UNICEF" id="CL_WEALTH_QUINTILE" isFinal="false" version="1.0"><com:Name xml:lang="en">Wealth Quintile</com:Name><str:Code urn="urn:sdmx:org.sdmx.infomodel.codelist.Code=UNICEF:CL_WEALTH_QUINTILE(1.0).Q1" id="Q1"><com:Name xml:lang="en">Lowest</com:Name><com:Description xml:lang="en">Quintile 1 (poorest)</com:Description></str:Code><str:Code urn="urn:sdmx:org.sdmx.infomodel.codelist.Code=UNICEF:CL_WEALTH_QUINTILE(1.0).Q2" id="Q2"><com:Name xml:lang="en">Second</com:Name><com:Description xml:lang="en">Quintile 2</com:Description></str:Code><str:Code urn="urn:sdmx:org.sdmx.infomodel.codelist.Code=UNICEF:CL_WEALTH_QUINTILE(1.0).Q3" id="Q3"><com:Name xml:lang="en">Middle</com:Name><com:Description xml:lang="en">Quintile 3</com:Description></str:Code><str:Code urn="urn:sdmx:org.sdmx.infomodel.codelist.Code=UNICEF:CL_WEALTH_QUINTILE(1.0).Q4" id="Q4"><com:Name xml:lang="en">Fourth</com:Name><com:Description xml:lang="en">Quintile 4</com:Description></str:Code><str:Code urn="urn:sdmx:org.sdmx.infomodel.codelist.Code=UNICEF:CL_WEALTH_QUINTILE(1.0).Q5" id="Q5"><com:Name xml:lang="en">Highest</com:Name><com:Description xml:lang="en">Quintile 5 (richest)</com:Description></str:Code><str:Code urn="urn:sdmx:org.sdmx.infomodel.codelist.Code=UNICEF:CL_WEALTH_QUINTILE(1.0).B20" id="B20"><com:Name xml:lang="en">Bottom 20%</com:Name><com:Description xml:lang="en">Bottom 20%</com:Description></str:Code><str:Code urn="urn:sdmx:org.sdmx.infomodel.codelist.Code=UNICEF:CL_WEALTH_QUINTILE(1.0).B40" id="B40"><com:Name xml:lang="en">Bottom 40%</com:Name><com:Description xml:lang="en">Bottom 40%</com:Description></str:Code><str:Code urn="urn:sdmx:org.sdmx.infomodel.codelist.Code=UNICEF:CL_WEALTH_QUINTILE(1.0).B60" id="B60"><com:Name xml:lang="en">Bottom 60%</com:Name><com:Description xml:lang="en">Bottom 60%</com:Description></str:Code><str:Code urn="urn:sdmx:org.sdmx.infomodel.codelist.Code=UNICEF:CL_WEALTH_QUINTILE(1.0).B80" id="B80"><com:Name xml:lang="en">Bottom 80%</com:Name><com:Description xml:lang="en">Bottom 80%</com:Description></str:Code><str:Code urn="urn:sdmx:org.sdmx.infomodel.codelist.Code=UNICEF:CL_WEALTH_QUINTILE(1.0).M40" id="M40"><com:Name xml:lang="en">Middle 40%</com:Name><com:Description xml:lang="en">Middle 40%</com:Description></str:Code><str:Code urn="urn:sdmx:org.sdmx.infomodel.codelist.Code=UNICEF:CL_WEALTH_QUINTILE(1.0).M60" id="M60"><com:Name xml:lang="en">Middle 60%</com:Name><com:Description xml:lang="en">Middle 60%</com:Description></str:Code><str:Code urn="urn:sdmx:org.sdmx.infomodel.codelist.Code=UNICEF:CL_WEALTH_QUINTILE(1.0).R20" id="R20"><com:Name xml:lang="en">Richest 20%</com:Name><com:Description xml:lang="en">Richest 20%</com:Description></str:Code><str:Code urn="urn:sdmx:org.sdmx.infomodel.codelist.Code=UNICEF:CL_WEALTH_QUINTILE(1.0).R40" id="R40"><com:Name xml:lang="en">Richest 40%</com:Name><com:Description xml:lang="en">Richest 40%</com:Description></str:Code><str:Code urn="urn:sdmx:org.sdmx.infomodel.codelist.Code=UNICEF:CL_WEALTH_QUINTILE(1.0).R60" id="R60"><com:Name xml:lang="en">Richest 60%</com:Name><com:Description xml:lang="en">Richest 60%</com:Description></str:Code><str:Code urn="urn:sdmx:org.sdmx.infomodel.codelist.Code=UNICEF:CL_WEALTH_QUINTILE(1.0).R80" id="R80"><com:Name xml:lang="en">Richest 80%</com:Name><com:Description xml:lang="en">Richest 80%</com:Description></str:Code><str:Code urn="urn:sdmx:org.sdmx.infomodel.codelist.Code=UNICEF:CL_WEALTH_QUINTILE(1.0)._T" id="_T"><com:Name xml:lang="en">Total</com:Name><com:Description xml:lang="en">Total (national average) or no breakdown</com:Description></str:Code></str:Codelist></str:Codelists></mes:Structures></mes:Structure>