<?xml version='1.0' encoding='UTF-8'?><mes:Structure xmlns:xsi="http://www.w3.org/2001/XMLSchema-instance" xmlns:xml="http://www.w3.org/XML/1998/namespace" xmlns:mes="http://www.sdmx.org/resources/sdmxml/schemas/v2_1/message" xmlns:str="http://www.sdmx.org/resources/sdmxml/schemas/v2_1/structure" xmlns:com="http://www.sdmx.org/resources/sdmxml/schemas/v2_1/common" xsi:schemaLocation="http://www.sdmx.org/resources/sdmxml/schemas/v2_1/message https://registry.sdmx.org/schemas/v2_1/SDMXMessage.xsd"><mes:Header><mes:ID>IREF697185</mes:ID><mes:Test>false</mes:Test><mes:Prepared>2026-02-11T00:28:32Z</mes:Prepared><mes:Sender id="UNICEF"/><mes:Receiver id="not_supplied"/></mes:Header><mes:Structures><str:Codelists><str:Codelist urn="urn:sdmx:org.sdmx.infomodel.codelist.Codelist=UNICEF:CL_OBS_STATUS(1.0)" isExternalReference="false" agencyID="UNICEF" id="CL_OBS_STATUS" isFinal="false" version="1.0"><com:Name xml:lang="en">Observation Status</com:Name><str:Code urn="urn:sdmx:org.sdmx.infomodel.codelist.Code=UNICEF:CL_OBS_STATUS(1.0).A" id="A"><com:Name xml:lang="en">Normal value</com:Name><com:Name xml:lang="ar">قيمة عادية</com:Name><com:Name xml:lang="es">Valor normal</com:Name><com:Name xml:lang="fr">Valeur normale</com:Name></str:Code><str:Code urn="urn:sdmx:org.sdmx.infomodel.codelist.Code=UNICEF:CL_OBS_STATUS(1.0).B" id="B"><com:Name xml:lang="en">Time series break</com:Name><com:Name xml:lang="ar">كسر السلسلة الزمنية</com:Name><com:Name xml:lang="es">Descanso de la serie temporal</com:Name><com:Name xml:lang="fr">Rupture de série chronologique</com:Name></str:Code><str:Code urn="urn:sdmx:org.sdmx.infomodel.codelist.Code=UNICEF:CL_OBS_STATUS(1.0).D" id="D"><com:Name xml:lang="en">Definition differs</com:Name><com:Name xml:lang="ar">التعريف يختلف</com:Name><com:Name xml:lang="es">La definición difiere</com:Name><com:Name xml:lang="fr">La définition diffère</com:Name></str:Code><str:Code urn="urn:sdmx:org.sdmx.infomodel.codelist.Code=UNICEF:CL_OBS_STATUS(1.0).E" id="E"><com:Name xml:lang="en">Estimated value</com:Name><com:Name xml:lang="ar">القيمة المقدرة</com:Name><com:Name xml:lang="es">Valor estimado</com:Name><com:Name xml:lang="fr">Valeur estimée</com:Name></str:Code><str:Code urn="urn:sdmx:org.sdmx.infomodel.codelist.Code=UNICEF:CL_OBS_STATUS(1.0).F" id="F"><com:Name xml:lang="en">Forecast value</com:Name><com:Name xml:lang="ar">القيمة المتوقعة</com:Name><com:Name xml:lang="es">Valor de previsión</com:Name><com:Name xml:lang="fr">Valeur de prévision</com:Name></str:Code><str:Code urn="urn:sdmx:org.sdmx.infomodel.codelist.Code=UNICEF:CL_OBS_STATUS(1.0).G" id="G"><com:Name xml:lang="en">Experimental value</com:Name><com:Name xml:lang="ar">القيمة التجريبية</com:Name><com:Name xml:lang="es">Valor experimental</com:Name><com:Name xml:lang="fr">Valeur expérimentale</com:Name></str:Code><str:Code urn="urn:sdmx:org.sdmx.infomodel.codelist.Code=UNICEF:CL_OBS_STATUS(1.0).H" id="H"><com:Name xml:lang="en">Missing value; holiday or weekend</com:Name><com:Name xml:lang="ar">قيمة مفقودة؛ عطلة أو عطلة نهاية الأسبوع</com:Name><com:Name xml:lang="es">Valor que falta; vacaciones o fin de semana</com:Name><com:Name xml:lang="fr">Valeur manquante; vacances ou week-end</com:Name></str:Code><str:Code urn="urn:sdmx:org.sdmx.infomodel.codelist.Code=UNICEF:CL_OBS_STATUS(1.0).I" id="I"><com:Name xml:lang="en">Imputed value (CCSA definition)</com:Name><com:Name xml:lang="ar">القيمة المزعومة (تعريف CCSA)</com:Name><com:Name xml:lang="es">Valor imputado (definición CCSA)</com:Name><com:Name xml:lang="fr">Valeur imputée (définition CCSA)</com:Name></str:Code><str:Code urn="urn:sdmx:org.sdmx.infomodel.codelist.Code=UNICEF:CL_OBS_STATUS(1.0).J" id="J"><com:Name xml:lang="en">Derogation</com:Name><com:Name xml:lang="ar">عدم التقيد</com:Name><com:Name xml:lang="es">Humillación</com:Name><com:Name xml:lang="fr">Dérogation</com:Name></str:Code><str:Code urn="urn:sdmx:org.sdmx.infomodel.codelist.Code=UNICEF:CL_OBS_STATUS(1.0).K" id="K"><com:Name xml:lang="en">Data included in another category</com:Name><com:Name xml:lang="ar">البيانات المدرجة في فئة أخرى</com:Name><com:Name xml:lang="es">Datos incluidos en otra categoría</com:Name><com:Name xml:lang="fr">Données incluses dans une autre catégorie</com:Name></str:Code><str:Code urn="urn:sdmx:org.sdmx.infomodel.codelist.Code=UNICEF:CL_OBS_STATUS(1.0).L" id="L"><com:Name xml:lang="en">Missing value; data exist but were not collected</com:Name><com:Name xml:lang="ar">قيمة مفقودة؛ البيانات موجودة ولكن لم يتم جمعها</com:Name><com:Name xml:lang="es">Valor que falta; los datos existen pero no fueron recopilados</com:Name><com:Name xml:lang="fr">Valeur manquante; des données existent mais n'ont pas été collectées</com:Name></str:Code><str:Code urn="urn:sdmx:org.sdmx.infomodel.codelist.Code=UNICEF:CL_OBS_STATUS(1.0).M" id="M"><com:Name xml:lang="en">Missing value; data cannot exist</com:Name><com:Name xml:lang="ar">قيمة مفقودة؛ لا يمكن أن توجد البيانات</com:Name><com:Name xml:lang="es">Valor que falta; los datos no pueden existir</com:Name><com:Name xml:lang="fr">Valeur manquante; les données ne peuvent pas exister</com:Name></str:Code><str:Code urn="urn:sdmx:org.sdmx.infomodel.codelist.Code=UNICEF:CL_OBS_STATUS(1.0).N" id="N"><com:Name xml:lang="en">Not significant</com:Name><com:Name xml:lang="ar">ليس كبيرا</com:Name><com:Name xml:lang="es">Insignificante</com:Name><com:Name xml:lang="fr">Insignifiant</com:Name></str:Code><str:Code urn="urn:sdmx:org.sdmx.infomodel.codelist.Code=UNICEF:CL_OBS_STATUS(1.0).O" id="O"><com:Name xml:lang="en">Missing value</com:Name><com:Name xml:lang="ar">قيمة مفقودة</com:Name><com:Name xml:lang="es">Valor que falta</com:Name><com:Name xml:lang="fr">Valeur manquante</com:Name></str:Code><str:Code urn="urn:sdmx:org.sdmx.infomodel.codelist.Code=UNICEF:CL_OBS_STATUS(1.0).P" id="P"><com:Name xml:lang="en">Provisional value</com:Name><com:Name xml:lang="ar">القيمة المؤقتة</com:Name><com:Name xml:lang="es">Valor provisional</com:Name><com:Name xml:lang="fr">Valeur provisoire</com:Name></str:Code><str:Code urn="urn:sdmx:org.sdmx.infomodel.codelist.Code=UNICEF:CL_OBS_STATUS(1.0).Q" id="Q"><com:Name xml:lang="en">Missing value; suppressed</com:Name><com:Name xml:lang="ar">قيمة مفقودة؛ قمع</com:Name><com:Name xml:lang="es">Valor que falta; suprimido</com:Name><com:Name xml:lang="fr">Valeur manquante; supprimé</com:Name></str:Code><str:Code urn="urn:sdmx:org.sdmx.infomodel.codelist.Code=UNICEF:CL_OBS_STATUS(1.0).S" id="S"><com:Name xml:lang="en">Strike and other special events</com:Name><com:Name xml:lang="ar">الإضراب والمناسبات الخاصة الأخرى</com:Name><com:Name xml:lang="es">Huelga y otros eventos especiales</com:Name><com:Name xml:lang="fr">Grève et autres événements spéciaux</com:Name></str:Code><str:Code urn="urn:sdmx:org.sdmx.infomodel.codelist.Code=UNICEF:CL_OBS_STATUS(1.0).U" id="U"><com:Name xml:lang="en">Low reliability</com:Name><com:Name xml:lang="ar">موثوقية منخفضة</com:Name><com:Name xml:lang="es">Baja confiabilidad</com:Name><com:Name xml:lang="fr">Faible fiabilité</com:Name></str:Code><str:Code urn="urn:sdmx:org.sdmx.infomodel.codelist.Code=UNICEF:CL_OBS_STATUS(1.0).V" id="V"><com:Name xml:lang="en">Unvalidated value</com:Name><com:Name xml:lang="ar">قيمة غير صحيحة</com:Name><com:Name xml:lang="es">Valor no validado</com:Name><com:Name xml:lang="fr">Valeur non validée</com:Name></str:Code><str:Code urn="urn:sdmx:org.sdmx.infomodel.codelist.Code=UNICEF:CL_OBS_STATUS(1.0).W" id="W"><com:Name xml:lang="en">Includes data from another category</com:Name><com:Name xml:lang="ar">يتضمن بيانات من فئة أخرى</com:Name><com:Name xml:lang="es">Incluye datos de otra categoría</com:Name><com:Name xml:lang="fr">Comprend des données d'une autre catégorie</com:Name></str:Code><str:Code urn="urn:sdmx:org.sdmx.infomodel.codelist.Code=UNICEF:CL_OBS_STATUS(1.0).RA" id="RA"><com:Name xml:lang="en">Reanalysed</com:Name><com:Name xml:lang="ar">أعيد تحليلها</com:Name><com:Name xml:lang="es">Reanalizado</com:Name><com:Name xml:lang="fr">Réanalysé</com:Name></str:Code><str:Code urn="urn:sdmx:org.sdmx.infomodel.codelist.Code=UNICEF:CL_OBS_STATUS(1.0).RP" id="RP"><com:Name xml:lang="en">Reported</com:Name><com:Name xml:lang="ar">ذكرت</com:Name><com:Name xml:lang="es">Reportado</com:Name><com:Name xml:lang="fr">Signalé</com:Name></str:Code><str:Code urn="urn:sdmx:org.sdmx.infomodel.codelist.Code=UNICEF:CL_OBS_STATUS(1.0).AD" id="AD"><com:Name xml:lang="en">Adjusted</com:Name><com:Name xml:lang="ar">معدلة</com:Name><com:Name xml:lang="es">Equilibrado</com:Name><com:Name xml:lang="fr">Ajusté</com:Name></str:Code><str:Code urn="urn:sdmx:org.sdmx.infomodel.codelist.Code=UNICEF:CL_OBS_STATUS(1.0).MD" id="MD"><com:Name xml:lang="en">Modelled</com:Name><com:Name xml:lang="ar">على غرار</com:Name><com:Name xml:lang="es">Modelado</com:Name><com:Name xml:lang="fr">Modélisé</com:Name></str:Code><str:Code urn="urn:sdmx:org.sdmx.infomodel.codelist.Code=UNICEF:CL_OBS_STATUS(1.0).ER" id="ER"><com:Name xml:lang="en">External Reanalysis</com:Name><com:Name xml:lang="ar">إعادة التحليل الخارجي</com:Name><com:Name xml:lang="es">Reanálisis externo</com:Name><com:Name xml:lang="fr">Réanalyse externe</com:Name></str:Code><str:Code urn="urn:sdmx:org.sdmx.infomodel.codelist.Code=UNICEF:CL_OBS_STATUS(1.0).LT" id="LT"><com:Name xml:lang="en">Observation value is less than</com:Name><com:Name xml:lang="ar">قيمة الملاحظة أقل من</com:Name><com:Name xml:lang="es">El valor de observación es menor que</com:Name><com:Name xml:lang="fr">La valeur d'observation est inférieure à</com:Name></str:Code><str:Code urn="urn:sdmx:org.sdmx.infomodel.codelist.Code=UNICEF:CL_OBS_STATUS(1.0).PR" id="PR"><com:Name xml:lang="en">Projection</com:Name><com:Name xml:lang="ar">تنبؤ</com:Name><com:Name xml:lang="es">Proyección</com:Name><com:Name xml:lang="fr">Projection</com:Name></str:Code><str:Code urn="urn:sdmx:org.sdmx.infomodel.codelist.Code=UNICEF:CL_OBS_STATUS(1.0).BE" id="BE"><com:Name xml:lang="en">Time series break; estimated value</com:Name></str:Code><str:Code urn="urn:sdmx:org.sdmx.infomodel.codelist.Code=UNICEF:CL_OBS_STATUS(1.0).BU" id="BU"><com:Name xml:lang="en">Time series break; low reliability</com:Name></str:Code><str:Code urn="urn:sdmx:org.sdmx.infomodel.codelist.Code=UNICEF:CL_OBS_STATUS(1.0).PU" id="PU"><com:Name xml:lang="en">Provisional value; low reliability</com:Name></str:Code><str:Code urn="urn:sdmx:org.sdmx.infomodel.codelist.Code=UNICEF:CL_OBS_STATUS(1.0).PA" id="PA"><com:Name xml:lang="en">Partial value</com:Name></str:Code><str:Code urn="urn:sdmx:org.sdmx.infomodel.codelist.Code=UNICEF:CL_OBS_STATUS(1.0).DP" id="DP"><com:Name xml:lang="en">Definition differs; provisional value</com:Name></str:Code><str:Code urn="urn:sdmx:org.sdmx.infomodel.codelist.Code=UNICEF:CL_OBS_STATUS(1.0).DE" id="DE"><com:Name xml:lang="en">Definition differs; estimated value</com:Name></str:Code><str:Code urn="urn:sdmx:org.sdmx.infomodel.codelist.Code=UNICEF:CL_OBS_STATUS(1.0).BP" id="BP"><com:Name xml:lang="en">Time series break; provisional value</com:Name></str:Code><str:Code urn="urn:sdmx:org.sdmx.infomodel.codelist.Code=UNICEF:CL_OBS_STATUS(1.0).EP" id="EP"><com:Name xml:lang="en">Estimated value; provisional value</com:Name></str:Code><str:Code urn="urn:sdmx:org.sdmx.infomodel.codelist.Code=UNICEF:CL_OBS_STATUS(1.0).EXCL" id="EXCL"><com:Name xml:lang="en">Excluded</com:Name></str:Code><str:Code urn="urn:sdmx:org.sdmx.infomodel.codelist.Code=UNICEF:CL_OBS_STATUS(1.0).BEP" id="BEP"><com:Name xml:lang="en">Time series break; estimated value; provisional value</com:Name></str:Code><str:Code urn="urn:sdmx:org.sdmx.infomodel.codelist.Code=UNICEF:CL_OBS_STATUS(1.0).PRED" id="PRED"><com:Name xml:lang="en">Predicted</com:Name></str:Code></str:Codelist></str:Codelists></mes:Structures></mes:Structure>