<?xml version='1.0' encoding='UTF-8'?><mes:Structure xmlns:xsi="http://www.w3.org/2001/XMLSchema-instance" xmlns:xml="http://www.w3.org/XML/1998/namespace" xmlns:mes="http://www.sdmx.org/resources/sdmxml/schemas/v2_1/message" xmlns:str="http://www.sdmx.org/resources/sdmxml/schemas/v2_1/structure" xmlns:com="http://www.sdmx.org/resources/sdmxml/schemas/v2_1/common" xsi:schemaLocation="http://www.sdmx.org/resources/sdmxml/schemas/v2_1/message https://registry.sdmx.org/schemas/v2_1/SDMXMessage.xsd"><mes:Header><mes:ID>IREF218052</mes:ID><mes:Test>false</mes:Test><mes:Prepared>2026-02-10T11:10:09Z</mes:Prepared><mes:Sender id="UNICEF"/><mes:Receiver id="not_supplied"/></mes:Header><mes:Structures><str:Codelists><str:Codelist urn="urn:sdmx:org.sdmx.infomodel.codelist.Codelist=UNICEF:CL_UNIT_MEASURE(1.0)" isExternalReference="false" agencyID="UNICEF" id="CL_UNIT_MEASURE" isFinal="false" version="1.0"><com:Name xml:lang="en">Unit of Measure</com:Name><com:Name xml:lang="fr">unité de mesure</com:Name><com:Name xml:lang="es">unidad de medida</com:Name><com:Name xml:lang="ar">وحدة القياس</com:Name><str:Code urn="urn:sdmx:org.sdmx.infomodel.codelist.Code=UNICEF:CL_UNIT_MEASURE(1.0).BINARY" id="BINARY"><com:Name xml:lang="en">Binary</com:Name><com:Name xml:lang="ar">الثنائية</com:Name><com:Name xml:lang="es">Binario</com:Name><com:Name xml:lang="fr">Binaire</com:Name></str:Code><str:Code urn="urn:sdmx:org.sdmx.infomodel.codelist.Code=UNICEF:CL_UNIT_MEASURE(1.0).BIRTHS" id="BIRTHS"><com:Name xml:lang="en">Births</com:Name><com:Name xml:lang="ar">المواليد</com:Name><com:Name xml:lang="es">Nacimientos</com:Name><com:Name xml:lang="fr">Naissances</com:Name></str:Code><str:Code urn="urn:sdmx:org.sdmx.infomodel.codelist.Code=UNICEF:CL_UNIT_MEASURE(1.0).BIRTHSPER1000WOMEN" id="BIRTHSPER1000WOMEN"><com:Name xml:lang="en">Births per 1000 women</com:Name></str:Code><str:Code urn="urn:sdmx:org.sdmx.infomodel.codelist.Code=UNICEF:CL_UNIT_MEASURE(1.0).BIRTHS_1000" id="BIRTHS_1000"><com:Name xml:lang="en">1000 Births</com:Name></str:Code><str:Code urn="urn:sdmx:org.sdmx.infomodel.codelist.Code=UNICEF:CL_UNIT_MEASURE(1.0).D" id="D"><com:Name xml:lang="en">Number of deaths</com:Name><com:Name xml:lang="ar">عدد الوفيات</com:Name><com:Name xml:lang="es">Numero de muertes</com:Name><com:Name xml:lang="fr">Nombre de décès</com:Name></str:Code><str:Code urn="urn:sdmx:org.sdmx.infomodel.codelist.Code=UNICEF:CL_UNIT_MEASURE(1.0).DPIA" id="DPIA"><com:Name xml:lang="en">Adjusted disability parity index</com:Name></str:Code><str:Code urn="urn:sdmx:org.sdmx.infomodel.codelist.Code=UNICEF:CL_UNIT_MEASURE(1.0).D_PER_1000_1" id="D_PER_1000_1"><com:Name xml:lang="ar">وفيات لكل 1000 طفل بعمر سنة واحدة</com:Name><com:Name xml:lang="es">Muertes por cada 1000 niños de 1 año</com:Name><com:Name xml:lang="fr">Décès pour 1000 enfants de 1 an</com:Name><com:Name xml:lang="en">Deaths per 1,000 children aged 1</com:Name></str:Code><str:Code urn="urn:sdmx:org.sdmx.infomodel.codelist.Code=UNICEF:CL_UNIT_MEASURE(1.0).D_PER_1000_10" id="D_PER_1000_10"><com:Name xml:lang="en">Deaths per 1,000 children aged 10</com:Name></str:Code><str:Code urn="urn:sdmx:org.sdmx.infomodel.codelist.Code=UNICEF:CL_UNIT_MEASURE(1.0).D_PER_1000_15" id="D_PER_1000_15"><com:Name xml:lang="en">Deaths per 1,000 youths aged 15</com:Name></str:Code><str:Code urn="urn:sdmx:org.sdmx.infomodel.codelist.Code=UNICEF:CL_UNIT_MEASURE(1.0).D_PER_1000_20" id="D_PER_1000_20"><com:Name xml:lang="en">Deaths per 1,000 youths aged 20</com:Name></str:Code><str:Code urn="urn:sdmx:org.sdmx.infomodel.codelist.Code=UNICEF:CL_UNIT_MEASURE(1.0).D_PER_1000_5" id="D_PER_1000_5"><com:Name xml:lang="ar">وفيات لكل 1000 طفل بعمر 5 سنوات</com:Name><com:Name xml:lang="es">Muertes por cada 1000 niños de 5 años</com:Name><com:Name xml:lang="fr">Décès pour 1000 enfants de 5 ans</com:Name><com:Name xml:lang="en">Deaths per 1,000 children aged 5</com:Name></str:Code><str:Code urn="urn:sdmx:org.sdmx.infomodel.codelist.Code=UNICEF:CL_UNIT_MEASURE(1.0).D_PER_1000_B" id="D_PER_1000_B"><com:Name xml:lang="ar">وفيات لكل 1000 مولود حي</com:Name><com:Name xml:lang="es">Muertes por 1000 nacidos vivos</com:Name><com:Name xml:lang="fr">Décès pour 1000 naissances vivantes</com:Name><com:Name xml:lang="en">Deaths per 1,000 live births</com:Name></str:Code><str:Code urn="urn:sdmx:org.sdmx.infomodel.codelist.Code=UNICEF:CL_UNIT_MEASURE(1.0).EUR" id="EUR"><com:Name xml:lang="en">Euro</com:Name></str:Code><str:Code urn="urn:sdmx:org.sdmx.infomodel.codelist.Code=UNICEF:CL_UNIT_MEASURE(1.0).GDP_CAP" id="GDP_CAP"><com:Name xml:lang="en">As % of GDP per capita</com:Name></str:Code><str:Code urn="urn:sdmx:org.sdmx.infomodel.codelist.Code=UNICEF:CL_UNIT_MEASURE(1.0).GDP_PERC" id="GDP_PERC"><com:Name xml:lang="en">% of GDP</com:Name></str:Code><str:Code urn="urn:sdmx:org.sdmx.infomodel.codelist.Code=UNICEF:CL_UNIT_MEASURE(1.0).GOV_EXP_EDU" id="GOV_EXP_EDU"><com:Name xml:lang="en">% of government expenditure on education</com:Name></str:Code><str:Code urn="urn:sdmx:org.sdmx.infomodel.codelist.Code=UNICEF:CL_UNIT_MEASURE(1.0).GOV_EXP_HT" id="GOV_EXP_HT"><com:Name xml:lang="en">Percentage of government expenditure on health</com:Name></str:Code><str:Code urn="urn:sdmx:org.sdmx.infomodel.codelist.Code=UNICEF:CL_UNIT_MEASURE(1.0).GOV_EXP_T" id="GOV_EXP_T"><com:Name xml:lang="en">% of total government expenditure</com:Name></str:Code><str:Code urn="urn:sdmx:org.sdmx.infomodel.codelist.Code=UNICEF:CL_UNIT_MEASURE(1.0).GPERM3" id="GPERM3"><com:Name xml:lang="en">Micrograms per cubic meter</com:Name></str:Code><str:Code urn="urn:sdmx:org.sdmx.infomodel.codelist.Code=UNICEF:CL_UNIT_MEASURE(1.0).GPI" id="GPI"><com:Name xml:lang="en">Gender Parity Index</com:Name><com:Name xml:lang="ar">مؤشر التكافؤ بين الجنسين</com:Name><com:Name xml:lang="es">Índice de paridad de género</com:Name><com:Name xml:lang="fr">Indice de parité entre les sexes</com:Name></str:Code><str:Code urn="urn:sdmx:org.sdmx.infomodel.codelist.Code=UNICEF:CL_UNIT_MEASURE(1.0).GPIA" id="GPIA"><com:Name xml:lang="en">Adjusted gender parity index</com:Name></str:Code><str:Code urn="urn:sdmx:org.sdmx.infomodel.codelist.Code=UNICEF:CL_UNIT_MEASURE(1.0).HRS_WK" id="HRS_WK"><com:Name xml:lang="en">Hours Worked</com:Name><com:Name xml:lang="ar">ساعات العمل</com:Name><com:Name xml:lang="es">Horas trabajadas</com:Name><com:Name xml:lang="fr">Heures travaillées</com:Name></str:Code><str:Code urn="urn:sdmx:org.sdmx.infomodel.codelist.Code=UNICEF:CL_UNIT_MEASURE(1.0).IDX" id="IDX"><com:Name xml:lang="en">Index</com:Name><com:Name xml:lang="ar">فهرس</com:Name><com:Name xml:lang="es">Índice</com:Name><com:Name xml:lang="fr">Indice</com:Name></str:Code><str:Code urn="urn:sdmx:org.sdmx.infomodel.codelist.Code=UNICEF:CL_UNIT_MEASURE(1.0).LIVEBIRTHSPERWOMAN" id="LIVEBIRTHSPERWOMAN"><com:Name xml:lang="en">Live births per woman</com:Name></str:Code><str:Code urn="urn:sdmx:org.sdmx.infomodel.codelist.Code=UNICEF:CL_UNIT_MEASURE(1.0).LPI" id="LPI"><com:Name xml:lang="en">Location Parity Index</com:Name><com:Name xml:lang="ar">مؤشر تماثل الموقع</com:Name><com:Name xml:lang="es">Índice de paridad de ubicación</com:Name><com:Name xml:lang="fr">Indice de parité de l'emplacement</com:Name></str:Code><str:Code urn="urn:sdmx:org.sdmx.infomodel.codelist.Code=UNICEF:CL_UNIT_MEASURE(1.0).LPIA" id="LPIA"><com:Name xml:lang="en">Adjusted location parity index</com:Name></str:Code><str:Code urn="urn:sdmx:org.sdmx.infomodel.codelist.Code=UNICEF:CL_UNIT_MEASURE(1.0).LTPIA" id="LTPIA"><com:Name xml:lang="en">Adjusted speaks language of the test parity index</com:Name></str:Code><str:Code urn="urn:sdmx:org.sdmx.infomodel.codelist.Code=UNICEF:CL_UNIT_MEASURE(1.0).NPIA" id="NPIA"><com:Name xml:lang="en">Adjusted native parity index</com:Name></str:Code><str:Code urn="urn:sdmx:org.sdmx.infomodel.codelist.Code=UNICEF:CL_UNIT_MEASURE(1.0).NUMBER" id="NUMBER"><com:Name xml:lang="en">Number</com:Name><com:Name xml:lang="ar">عدد</com:Name><com:Name xml:lang="es">Número</com:Name><com:Name xml:lang="fr">Numéro</com:Name></str:Code><str:Code urn="urn:sdmx:org.sdmx.infomodel.codelist.Code=UNICEF:CL_UNIT_MEASURE(1.0).NUMBER_1000" id="NUMBER_1000"><com:Name xml:lang="en">1000</com:Name></str:Code><str:Code urn="urn:sdmx:org.sdmx.infomodel.codelist.Code=UNICEF:CL_UNIT_MEASURE(1.0).PARITY_IDX" id="PARITY_IDX"><com:Name xml:lang="en">Parity Index</com:Name><com:Name xml:lang="ar">مؤشر التكافؤ</com:Name><com:Name xml:lang="es">Índice de paridad</com:Name><com:Name xml:lang="fr">Indice de parité</com:Name></str:Code><str:Code urn="urn:sdmx:org.sdmx.infomodel.codelist.Code=UNICEF:CL_UNIT_MEASURE(1.0).PCNT" id="PCNT"><com:Name xml:lang="en">%</com:Name><com:Name xml:lang="ar">٪</com:Name><com:Name xml:lang="es">%</com:Name><com:Name xml:lang="fr">%</com:Name></str:Code><str:Code urn="urn:sdmx:org.sdmx.infomodel.codelist.Code=UNICEF:CL_UNIT_MEASURE(1.0).PER100" id="PER100"><com:Name xml:lang="en">Per 100</com:Name></str:Code><str:Code urn="urn:sdmx:org.sdmx.infomodel.codelist.Code=UNICEF:CL_UNIT_MEASURE(1.0).PER1000" id="PER1000"><com:Name xml:lang="en">Per 1000</com:Name></str:Code><str:Code urn="urn:sdmx:org.sdmx.infomodel.codelist.Code=UNICEF:CL_UNIT_MEASURE(1.0).PER100000" id="PER100000"><com:Name xml:lang="en">Per 100000</com:Name></str:Code><str:Code urn="urn:sdmx:org.sdmx.infomodel.codelist.Code=UNICEF:CL_UNIT_MEASURE(1.0).PER1000LIVEBIRTHS" id="PER1000LIVEBIRTHS"><com:Name xml:lang="en">Per 1000 live births</com:Name></str:Code><str:Code urn="urn:sdmx:org.sdmx.infomodel.codelist.Code=UNICEF:CL_UNIT_MEASURE(1.0).PER1000POP" id="PER1000POP"><com:Name xml:lang="en">Per 1000 population</com:Name></str:Code><str:Code urn="urn:sdmx:org.sdmx.infomodel.codelist.Code=UNICEF:CL_UNIT_MEASURE(1.0).PER100KLIVEBIRTHS" id="PER100KLIVEBIRTHS"><com:Name xml:lang="en">Per 100,000 live births</com:Name></str:Code><str:Code urn="urn:sdmx:org.sdmx.infomodel.codelist.Code=UNICEF:CL_UNIT_MEASURE(1.0).PER1USD_GNI_CAP" id="PER1USD_GNI_CAP"><com:Name xml:lang="en">per 1 USD GNI per capita</com:Name></str:Code><str:Code urn="urn:sdmx:org.sdmx.infomodel.codelist.Code=UNICEF:CL_UNIT_MEASURE(1.0).PER_100" id="PER_100"><com:Name xml:lang="en">Per 100</com:Name></str:Code><str:Code urn="urn:sdmx:org.sdmx.infomodel.codelist.Code=UNICEF:CL_UNIT_MEASURE(1.0).PER_1000_UNINFECTED_POP" id="PER_1000_UNINFECTED_POP"><com:Name xml:lang="en">Per 1000 uninfected population</com:Name></str:Code><str:Code urn="urn:sdmx:org.sdmx.infomodel.codelist.Code=UNICEF:CL_UNIT_MEASURE(1.0).PER_POP_U5" id="PER_POP_U5"><com:Name xml:lang="en">Per population under 5</com:Name></str:Code><str:Code urn="urn:sdmx:org.sdmx.infomodel.codelist.Code=UNICEF:CL_UNIT_MEASURE(1.0).PPP_CONST" id="PPP_CONST"><com:Name xml:lang="en">Constant PPP$ (Purchasing Power Parity)</com:Name></str:Code><str:Code urn="urn:sdmx:org.sdmx.infomodel.codelist.Code=UNICEF:CL_UNIT_MEASURE(1.0).PPP_CUR" id="PPP_CUR"><com:Name xml:lang="en">Current PPP$ (Purchasing Power Parity)</com:Name></str:Code><str:Code urn="urn:sdmx:org.sdmx.infomodel.codelist.Code=UNICEF:CL_UNIT_MEASURE(1.0).PPY" id="PPY"><com:Name xml:lang="en">Annual % point change per year</com:Name><com:Name xml:lang="ar">النسبة المئوية للتغير السنوي في السنة</com:Name><com:Name xml:lang="es">% De cambio anual en puntos por año</com:Name><com:Name xml:lang="fr">Changement de point de pourcentage annuel par an</com:Name></str:Code><str:Code urn="urn:sdmx:org.sdmx.infomodel.codelist.Code=UNICEF:CL_UNIT_MEASURE(1.0).PROB" id="PROB"><com:Name xml:lang="en">Probability</com:Name><com:Name xml:lang="ar">احتمالا</com:Name><com:Name xml:lang="es">Probabilidad</com:Name><com:Name xml:lang="fr">Probabilité</com:Name></str:Code><str:Code urn="urn:sdmx:org.sdmx.infomodel.codelist.Code=UNICEF:CL_UNIT_MEASURE(1.0).PS" id="PS"><com:Name xml:lang="en">Persons</com:Name><com:Name xml:lang="ar">الأشخاص</com:Name><com:Name xml:lang="es">Personas</com:Name><com:Name xml:lang="fr">Des personnes</com:Name></str:Code><str:Code urn="urn:sdmx:org.sdmx.infomodel.codelist.Code=UNICEF:CL_UNIT_MEASURE(1.0).RATE_100" id="RATE_100"><com:Name xml:lang="en">Rate per 100 of Population</com:Name><com:Name xml:lang="ar">المعدل لكل 100 من السكان</com:Name><com:Name xml:lang="es">Tasa por 100 de población</com:Name><com:Name xml:lang="fr">Taux pour 100 habitants</com:Name></str:Code><str:Code urn="urn:sdmx:org.sdmx.infomodel.codelist.Code=UNICEF:CL_UNIT_MEASURE(1.0).RATE_1000" id="RATE_1000"><com:Name xml:lang="en">Rate per 1,000 of Population</com:Name><com:Name xml:lang="ar">المعدل لكل 1000 من السكان</com:Name><com:Name xml:lang="es">Tasa por 1.000 habitantes</com:Name><com:Name xml:lang="fr">Taux pour 1000 habitants</com:Name></str:Code><str:Code urn="urn:sdmx:org.sdmx.infomodel.codelist.Code=UNICEF:CL_UNIT_MEASURE(1.0).RATE_100000" id="RATE_100000"><com:Name xml:lang="en">Rate per 100,000 of Population</com:Name><com:Name xml:lang="ar">المعدل لكل 100،000 من السكان</com:Name><com:Name xml:lang="es">Tasa por 100.000 habitantes</com:Name><com:Name xml:lang="fr">Taux pour 100 000 habitants</com:Name></str:Code><str:Code urn="urn:sdmx:org.sdmx.infomodel.codelist.Code=UNICEF:CL_UNIT_MEASURE(1.0).RATE_1M" id="RATE_1M"><com:Name xml:lang="en">Rate per 1,000,000 of Population</com:Name><com:Name xml:lang="ar">المعدل لكل 1،000،000 من السكان</com:Name><com:Name xml:lang="es">Tasa por 1.000.000 de población</com:Name><com:Name xml:lang="fr">Taux pour 1 000 000 de population</com:Name></str:Code><str:Code urn="urn:sdmx:org.sdmx.infomodel.codelist.Code=UNICEF:CL_UNIT_MEASURE(1.0).RATIO" id="RATIO"><com:Name xml:lang="en">Ratio</com:Name><com:Name xml:lang="ar">نسبة</com:Name><com:Name xml:lang="es">Proporción</com:Name><com:Name xml:lang="fr">Rapport</com:Name></str:Code><str:Code urn="urn:sdmx:org.sdmx.infomodel.codelist.Code=UNICEF:CL_UNIT_MEASURE(1.0).SB_PER_1000_B" id="SB_PER_1000_B"><com:Name xml:lang="en">Stillbirths per 1,000 total births</com:Name></str:Code><str:Code urn="urn:sdmx:org.sdmx.infomodel.codelist.Code=UNICEF:CL_UNIT_MEASURE(1.0).SCORE" id="SCORE"><com:Name xml:lang="en">Learning Outcomes Score</com:Name></str:Code><str:Code urn="urn:sdmx:org.sdmx.infomodel.codelist.Code=UNICEF:CL_UNIT_MEASURE(1.0).STILLBIRTHS" id="STILLBIRTHS"><com:Name xml:lang="en">Number of stillbirths</com:Name></str:Code><str:Code urn="urn:sdmx:org.sdmx.infomodel.codelist.Code=UNICEF:CL_UNIT_MEASURE(1.0).USD" id="USD"><com:Name xml:lang="en">USD</com:Name></str:Code><str:Code urn="urn:sdmx:org.sdmx.infomodel.codelist.Code=UNICEF:CL_UNIT_MEASURE(1.0).USD_CONST" id="USD_CONST"><com:Name xml:lang="en">Constant US$</com:Name></str:Code><str:Code urn="urn:sdmx:org.sdmx.infomodel.codelist.Code=UNICEF:CL_UNIT_MEASURE(1.0).USD_CUR" id="USD_CUR"><com:Name xml:lang="en">Current US$</com:Name></str:Code><str:Code urn="urn:sdmx:org.sdmx.infomodel.codelist.Code=UNICEF:CL_UNIT_MEASURE(1.0).WPI" id="WPI"><com:Name xml:lang="en">Wealth Parity Index</com:Name><com:Name xml:lang="ar">مؤشر تكافؤ الثروة</com:Name><com:Name xml:lang="es">Índice de paridad de riqueza</com:Name><com:Name xml:lang="fr">Indice de parité de richesse</com:Name></str:Code><str:Code urn="urn:sdmx:org.sdmx.infomodel.codelist.Code=UNICEF:CL_UNIT_MEASURE(1.0).WPIA" id="WPIA"><com:Name xml:lang="en">Adjusted wealth parity index</com:Name></str:Code><str:Code urn="urn:sdmx:org.sdmx.infomodel.codelist.Code=UNICEF:CL_UNIT_MEASURE(1.0).YR" id="YR"><com:Name xml:lang="en">Years</com:Name><com:Name xml:lang="ar">سنين</com:Name><com:Name xml:lang="es">Años</com:Name><com:Name xml:lang="fr">Années</com:Name></str:Code><str:Code urn="urn:sdmx:org.sdmx.infomodel.codelist.Code=UNICEF:CL_UNIT_MEASURE(1.0).D_PER_1000" id="D_PER_1000"><com:Name xml:lang="en">Deaths per 1,000</com:Name></str:Code><str:Code urn="urn:sdmx:org.sdmx.infomodel.codelist.Code=UNICEF:CL_UNIT_MEASURE(1.0).RANK" id="RANK"><com:Name xml:lang="en">Rank</com:Name></str:Code><str:Code urn="urn:sdmx:org.sdmx.infomodel.codelist.Code=UNICEF:CL_UNIT_MEASURE(1.0).D_PER_100000" id="D_PER_100000"><com:Name xml:lang="en">Deaths per 100,000 population</com:Name></str:Code><str:Code urn="urn:sdmx:org.sdmx.infomodel.codelist.Code=UNICEF:CL_UNIT_MEASURE(1.0).LOCAL_CUR" id="LOCAL_CUR"><com:Name xml:lang="en">Local currency</com:Name></str:Code><str:Code urn="urn:sdmx:org.sdmx.infomodel.codelist.Code=UNICEF:CL_UNIT_MEASURE(1.0).HRS_PER_WEEK" id="HRS_PER_WEEK"><com:Name xml:lang="en">Hours per week</com:Name></str:Code><str:Code urn="urn:sdmx:org.sdmx.infomodel.codelist.Code=UNICEF:CL_UNIT_MEASURE(1.0).MEAN_SCORE" id="MEAN_SCORE"><com:Name xml:lang="en">Mean score</com:Name></str:Code><str:Code urn="urn:sdmx:org.sdmx.infomodel.codelist.Code=UNICEF:CL_UNIT_MEASURE(1.0).YES_NO" id="YES_NO"><com:Name xml:lang="en">Yes/No</com:Name></str:Code><str:Code urn="urn:sdmx:org.sdmx.infomodel.codelist.Code=UNICEF:CL_UNIT_MEASURE(1.0).PPS" id="PPS"><com:Name xml:lang="en">Purchasing Power Standard</com:Name></str:Code><str:Code urn="urn:sdmx:org.sdmx.infomodel.codelist.Code=UNICEF:CL_UNIT_MEASURE(1.0).D_PER_1000_1M" id="D_PER_1000_1M"><com:Name xml:lang="en">Deaths per 1,000 children aged 1 month</com:Name></str:Code><str:Code urn="urn:sdmx:org.sdmx.infomodel.codelist.Code=UNICEF:CL_UNIT_MEASURE(1.0).KG_PER_CAPITA" id="KG_PER_CAPITA"><com:Name xml:lang="en">Kg per capita</com:Name></str:Code><str:Code urn="urn:sdmx:org.sdmx.infomodel.codelist.Code=UNICEF:CL_UNIT_MEASURE(1.0).PM_2_5" id="PM_2_5"><com:Name xml:lang="en">PM2.5</com:Name></str:Code><str:Code urn="urn:sdmx:org.sdmx.infomodel.codelist.Code=UNICEF:CL_UNIT_MEASURE(1.0).PPP_CURRENT_INTERNATIONAL_USD" id="PPP_CURRENT_INTERNATIONAL_USD"><com:Name xml:lang="en">PPP current international $</com:Name></str:Code><str:Code urn="urn:sdmx:org.sdmx.infomodel.codelist.Code=UNICEF:CL_UNIT_MEASURE(1.0).TCO2E_PER_CAPITA" id="TCO2E_PER_CAPITA"><com:Name xml:lang="en">CO2 per capita (tons)</com:Name></str:Code><str:Code urn="urn:sdmx:org.sdmx.infomodel.codelist.Code=UNICEF:CL_UNIT_MEASURE(1.0).DAYS" id="DAYS"><com:Name xml:lang="en">Days</com:Name></str:Code><str:Code urn="urn:sdmx:org.sdmx.infomodel.codelist.Code=UNICEF:CL_UNIT_MEASURE(1.0).TCO2E" id="TCO2E"><com:Name xml:lang="en">Mt CO2 equivalent</com:Name><com:Description xml:lang="en">Megatonnes of carbon dioxide equivalent</com:Description></str:Code><str:Code urn="urn:sdmx:org.sdmx.infomodel.codelist.Code=UNICEF:CL_UNIT_MEASURE(1.0).GPI_DIST" id="GPI_DIST"><com:Name xml:lang="en">Gender Parity Index Distance</com:Name><com:Description xml:lang="en">Absolute disparity in GPI</com:Description></str:Code><str:Code urn="urn:sdmx:org.sdmx.infomodel.codelist.Code=UNICEF:CL_UNIT_MEASURE(1.0).RATE" id="RATE"><com:Name xml:lang="en">Rate</com:Name></str:Code><str:Code urn="urn:sdmx:org.sdmx.infomodel.codelist.Code=UNICEF:CL_UNIT_MEASURE(1.0).D_PER_100000_BIRTHS" id="D_PER_100000_BIRTHS"><com:Name xml:lang="en">Deaths per 100000 births</com:Name></str:Code><str:Code urn="urn:sdmx:org.sdmx.infomodel.codelist.Code=UNICEF:CL_UNIT_MEASURE(1.0).1_IN_X" id="1_IN_X"><com:Name xml:lang="en">1 in X</com:Name></str:Code></str:Codelist></str:Codelists></mes:Structures></mes:Structure>