<?xml version='1.0' encoding='UTF-8'?><mes:Structure xmlns:xsi="http://www.w3.org/2001/XMLSchema-instance" xmlns:xml="http://www.w3.org/XML/1998/namespace" xmlns:mes="http://www.sdmx.org/resources/sdmxml/schemas/v2_1/message" xmlns:str="http://www.sdmx.org/resources/sdmxml/schemas/v2_1/structure" xmlns:com="http://www.sdmx.org/resources/sdmxml/schemas/v2_1/common" xsi:schemaLocation="http://www.sdmx.org/resources/sdmxml/schemas/v2_1/message https://registry.sdmx.org/schemas/v2_1/SDMXMessage.xsd"><mes:Header><mes:ID>IREF082467</mes:ID><mes:Test>false</mes:Test><mes:Prepared>2026-02-10T07:24:07Z</mes:Prepared><mes:Sender id="UNICEF"/><mes:Receiver id="not_supplied"/></mes:Header><mes:Structures><str:Codelists><str:Codelist urn="urn:sdmx:org.sdmx.infomodel.codelist.Codelist=UNICEF:CL_AGE(1.0)" isExternalReference="false" agencyID="UNICEF" id="CL_AGE" isFinal="false" version="1.0"><com:Name xml:lang="en">Age group code list</com:Name><str:Code urn="urn:sdmx:org.sdmx.infomodel.codelist.Code=UNICEF:CL_AGE(1.0).JUVENILE_ADOLESCENT" id="JUVENILE_ADOLESCENT"><com:Name xml:lang="en">Juvenile/adolescent</com:Name></str:Code><str:Code urn="urn:sdmx:org.sdmx.infomodel.codelist.Code=UNICEF:CL_AGE(1.0).LSRY_SCHOOL_AGE" id="LSRY_SCHOOL_AGE"><com:Name xml:lang="en">Lower secondary school age</com:Name></str:Code><str:Code urn="urn:sdmx:org.sdmx.infomodel.codelist.Code=UNICEF:CL_AGE(1.0).M0" id="M0"><com:Name xml:lang="en">Under 1 month old</com:Name></str:Code><str:Code urn="urn:sdmx:org.sdmx.infomodel.codelist.Code=UNICEF:CL_AGE(1.0).M0T1" id="M0T1"><com:Name xml:lang="en">Under 2 months old</com:Name></str:Code><str:Code urn="urn:sdmx:org.sdmx.infomodel.codelist.Code=UNICEF:CL_AGE(1.0).M0T11" id="M0T11"><com:Name xml:lang="en">Under 12 months old</com:Name></str:Code><str:Code urn="urn:sdmx:org.sdmx.infomodel.codelist.Code=UNICEF:CL_AGE(1.0).M0T23" id="M0T23"><com:Name xml:lang="en">Under 24 months old</com:Name></str:Code><str:Code urn="urn:sdmx:org.sdmx.infomodel.codelist.Code=UNICEF:CL_AGE(1.0).M0T35" id="M0T35"><com:Name xml:lang="en">Under 36 months old</com:Name></str:Code><str:Code urn="urn:sdmx:org.sdmx.infomodel.codelist.Code=UNICEF:CL_AGE(1.0).M0T47" id="M0T47"><com:Name xml:lang="en">Under 48 months old</com:Name></str:Code><str:Code urn="urn:sdmx:org.sdmx.infomodel.codelist.Code=UNICEF:CL_AGE(1.0).M0T5" id="M0T5"><com:Name xml:lang="en">Under 6 months old</com:Name></str:Code><str:Code urn="urn:sdmx:org.sdmx.infomodel.codelist.Code=UNICEF:CL_AGE(1.0).M0T59" id="M0T59"><com:Name xml:lang="en">Under 60 months old</com:Name></str:Code><str:Code urn="urn:sdmx:org.sdmx.infomodel.codelist.Code=UNICEF:CL_AGE(1.0).M10T11" id="M10T11"><com:Name xml:lang="en">10 to 11 months old</com:Name></str:Code><str:Code urn="urn:sdmx:org.sdmx.infomodel.codelist.Code=UNICEF:CL_AGE(1.0).M12T13" id="M12T13"><com:Name xml:lang="en">12 to 13 months old</com:Name></str:Code><str:Code urn="urn:sdmx:org.sdmx.infomodel.codelist.Code=UNICEF:CL_AGE(1.0).M12T15" id="M12T15"><com:Name xml:lang="en">12 to 15 months old</com:Name></str:Code><str:Code urn="urn:sdmx:org.sdmx.infomodel.codelist.Code=UNICEF:CL_AGE(1.0).M12T17" id="M12T17"><com:Name xml:lang="en">12 to 17 months old</com:Name></str:Code><str:Code urn="urn:sdmx:org.sdmx.infomodel.codelist.Code=UNICEF:CL_AGE(1.0).M12T23" id="M12T23"><com:Name xml:lang="en">12 to 23 months old</com:Name></str:Code><str:Code urn="urn:sdmx:org.sdmx.infomodel.codelist.Code=UNICEF:CL_AGE(1.0).M14T15" id="M14T15"><com:Name xml:lang="en">14 to 15 months old</com:Name></str:Code><str:Code urn="urn:sdmx:org.sdmx.infomodel.codelist.Code=UNICEF:CL_AGE(1.0).M16T17" id="M16T17"><com:Name xml:lang="en">16 to 17 months old</com:Name></str:Code><str:Code urn="urn:sdmx:org.sdmx.infomodel.codelist.Code=UNICEF:CL_AGE(1.0).M16T19" id="M16T19"><com:Name xml:lang="en">16 to 19 months old</com:Name></str:Code><str:Code urn="urn:sdmx:org.sdmx.infomodel.codelist.Code=UNICEF:CL_AGE(1.0).M18T19" id="M18T19"><com:Name xml:lang="en">18 to 19 months old</com:Name></str:Code><str:Code urn="urn:sdmx:org.sdmx.infomodel.codelist.Code=UNICEF:CL_AGE(1.0).M18T23" id="M18T23"><com:Name xml:lang="en">18 to 23 months old</com:Name></str:Code><str:Code urn="urn:sdmx:org.sdmx.infomodel.codelist.Code=UNICEF:CL_AGE(1.0).M1T59" id="M1T59"><com:Name xml:lang="en">1 to 59 months old</com:Name></str:Code><str:Code urn="urn:sdmx:org.sdmx.infomodel.codelist.Code=UNICEF:CL_AGE(1.0).M20T21" id="M20T21"><com:Name xml:lang="en">20 to 21 months old</com:Name></str:Code><str:Code urn="urn:sdmx:org.sdmx.infomodel.codelist.Code=UNICEF:CL_AGE(1.0).M20T23" id="M20T23"><com:Name xml:lang="en">20 to 23 months old</com:Name></str:Code><str:Code urn="urn:sdmx:org.sdmx.infomodel.codelist.Code=UNICEF:CL_AGE(1.0).M22T23" id="M22T23"><com:Name xml:lang="en">22 to 23 months old</com:Name></str:Code><str:Code urn="urn:sdmx:org.sdmx.infomodel.codelist.Code=UNICEF:CL_AGE(1.0).M24T25" id="M24T25"><com:Name xml:lang="en">24 to 25 months old</com:Name></str:Code><str:Code urn="urn:sdmx:org.sdmx.infomodel.codelist.Code=UNICEF:CL_AGE(1.0).M24T29" id="M24T29"><com:Name xml:lang="en">24 to 29 months old</com:Name></str:Code><str:Code urn="urn:sdmx:org.sdmx.infomodel.codelist.Code=UNICEF:CL_AGE(1.0).M24T35" id="M24T35"><com:Name xml:lang="en">24 to 35 months old</com:Name></str:Code><str:Code urn="urn:sdmx:org.sdmx.infomodel.codelist.Code=UNICEF:CL_AGE(1.0).M24T59" id="M24T59"><com:Name xml:lang="en">24 to 59 months old</com:Name></str:Code><str:Code urn="urn:sdmx:org.sdmx.infomodel.codelist.Code=UNICEF:CL_AGE(1.0).M26T27" id="M26T27"><com:Name xml:lang="en">26 to 27 months old</com:Name></str:Code><str:Code urn="urn:sdmx:org.sdmx.infomodel.codelist.Code=UNICEF:CL_AGE(1.0).M28T29" id="M28T29"><com:Name xml:lang="en">28 to 29 months old</com:Name></str:Code><str:Code urn="urn:sdmx:org.sdmx.infomodel.codelist.Code=UNICEF:CL_AGE(1.0).M2T3" id="M2T3"><com:Name xml:lang="en">2 to 3 months old</com:Name></str:Code><str:Code urn="urn:sdmx:org.sdmx.infomodel.codelist.Code=UNICEF:CL_AGE(1.0).M30T31" id="M30T31"><com:Name xml:lang="en">30 to 31 months old</com:Name></str:Code><str:Code urn="urn:sdmx:org.sdmx.infomodel.codelist.Code=UNICEF:CL_AGE(1.0).M30T35" id="M30T35"><com:Name xml:lang="en">30 to 35 months old</com:Name></str:Code><str:Code urn="urn:sdmx:org.sdmx.infomodel.codelist.Code=UNICEF:CL_AGE(1.0).M32T33" id="M32T33"><com:Name xml:lang="en">32 to 33 months old</com:Name></str:Code><str:Code urn="urn:sdmx:org.sdmx.infomodel.codelist.Code=UNICEF:CL_AGE(1.0).M34T35" id="M34T35"><com:Name xml:lang="en">34 to 35 months old</com:Name></str:Code><str:Code urn="urn:sdmx:org.sdmx.infomodel.codelist.Code=UNICEF:CL_AGE(1.0).M36T37" id="M36T37"><com:Name xml:lang="en">36 to 37 months old</com:Name></str:Code><str:Code urn="urn:sdmx:org.sdmx.infomodel.codelist.Code=UNICEF:CL_AGE(1.0).M36T41" id="M36T41"><com:Name xml:lang="en">36 to 41 months old</com:Name></str:Code><str:Code urn="urn:sdmx:org.sdmx.infomodel.codelist.Code=UNICEF:CL_AGE(1.0).M36T47" id="M36T47"><com:Name xml:lang="en">36 to 47 months old</com:Name></str:Code><str:Code urn="urn:sdmx:org.sdmx.infomodel.codelist.Code=UNICEF:CL_AGE(1.0).M36T59" id="M36T59"><com:Name xml:lang="en">36 to 59 months old</com:Name></str:Code><str:Code urn="urn:sdmx:org.sdmx.infomodel.codelist.Code=UNICEF:CL_AGE(1.0).M38T39" id="M38T39"><com:Name xml:lang="en">38 to 39 months old</com:Name></str:Code><str:Code urn="urn:sdmx:org.sdmx.infomodel.codelist.Code=UNICEF:CL_AGE(1.0).M40T41" id="M40T41"><com:Name xml:lang="en">40 to 41 months old</com:Name></str:Code><str:Code urn="urn:sdmx:org.sdmx.infomodel.codelist.Code=UNICEF:CL_AGE(1.0).M42T43" id="M42T43"><com:Name xml:lang="en">42 to 43 months old</com:Name></str:Code><str:Code urn="urn:sdmx:org.sdmx.infomodel.codelist.Code=UNICEF:CL_AGE(1.0).M42T47" id="M42T47"><com:Name xml:lang="en">42 to 47 months old</com:Name></str:Code><str:Code urn="urn:sdmx:org.sdmx.infomodel.codelist.Code=UNICEF:CL_AGE(1.0).M44T45" id="M44T45"><com:Name xml:lang="en">44 to 45 months old</com:Name></str:Code><str:Code urn="urn:sdmx:org.sdmx.infomodel.codelist.Code=UNICEF:CL_AGE(1.0).M46T47" id="M46T47"><com:Name xml:lang="en">46 to 47 months old</com:Name></str:Code><str:Code urn="urn:sdmx:org.sdmx.infomodel.codelist.Code=UNICEF:CL_AGE(1.0).M48T49" id="M48T49"><com:Name xml:lang="en">48 to 49 months old</com:Name></str:Code><str:Code urn="urn:sdmx:org.sdmx.infomodel.codelist.Code=UNICEF:CL_AGE(1.0).M48T53" id="M48T53"><com:Name xml:lang="en">48 to 53 months old</com:Name></str:Code><str:Code urn="urn:sdmx:org.sdmx.infomodel.codelist.Code=UNICEF:CL_AGE(1.0).M48T59" id="M48T59"><com:Name xml:lang="en">48 to 59 months old</com:Name></str:Code><str:Code urn="urn:sdmx:org.sdmx.infomodel.codelist.Code=UNICEF:CL_AGE(1.0).M4T5" id="M4T5"><com:Name xml:lang="en">4 to 5 months old</com:Name></str:Code><str:Code urn="urn:sdmx:org.sdmx.infomodel.codelist.Code=UNICEF:CL_AGE(1.0).M50T51" id="M50T51"><com:Name xml:lang="en">50 to 51 months old</com:Name></str:Code><str:Code urn="urn:sdmx:org.sdmx.infomodel.codelist.Code=UNICEF:CL_AGE(1.0).M52T53" id="M52T53"><com:Name xml:lang="en">52 to 53 months old</com:Name></str:Code><str:Code urn="urn:sdmx:org.sdmx.infomodel.codelist.Code=UNICEF:CL_AGE(1.0).M54T55" id="M54T55"><com:Name xml:lang="en">54 to 55 months old</com:Name></str:Code><str:Code urn="urn:sdmx:org.sdmx.infomodel.codelist.Code=UNICEF:CL_AGE(1.0).M54T59" id="M54T59"><com:Name xml:lang="en">54 to 59 months old</com:Name></str:Code><str:Code urn="urn:sdmx:org.sdmx.infomodel.codelist.Code=UNICEF:CL_AGE(1.0).M56T57" id="M56T57"><com:Name xml:lang="en">56 to 57 months old</com:Name></str:Code><str:Code urn="urn:sdmx:org.sdmx.infomodel.codelist.Code=UNICEF:CL_AGE(1.0).M58T59" id="M58T59"><com:Name xml:lang="en">58 to 59 months old</com:Name></str:Code><str:Code urn="urn:sdmx:org.sdmx.infomodel.codelist.Code=UNICEF:CL_AGE(1.0).M6T11" id="M6T11"><com:Name xml:lang="en">6 to 11 months old</com:Name></str:Code><str:Code urn="urn:sdmx:org.sdmx.infomodel.codelist.Code=UNICEF:CL_AGE(1.0).M6T23" id="M6T23"><com:Name xml:lang="en">6 to 23 months old</com:Name></str:Code><str:Code urn="urn:sdmx:org.sdmx.infomodel.codelist.Code=UNICEF:CL_AGE(1.0).M6T59" id="M6T59"><com:Name xml:lang="en">6 to 59 months old</com:Name></str:Code><str:Code urn="urn:sdmx:org.sdmx.infomodel.codelist.Code=UNICEF:CL_AGE(1.0).M6T7" id="M6T7"><com:Name xml:lang="en">6 to 7 months old</com:Name></str:Code><str:Code urn="urn:sdmx:org.sdmx.infomodel.codelist.Code=UNICEF:CL_AGE(1.0).M6T8" id="M6T8"><com:Name xml:lang="en">6 to 8 months old</com:Name></str:Code><str:Code urn="urn:sdmx:org.sdmx.infomodel.codelist.Code=UNICEF:CL_AGE(1.0).M8T9" id="M8T9"><com:Name xml:lang="en">8 to 9 months old</com:Name></str:Code><str:Code urn="urn:sdmx:org.sdmx.infomodel.codelist.Code=UNICEF:CL_AGE(1.0).M9T11" id="M9T11"><com:Name xml:lang="en">9 to 11 months old</com:Name></str:Code><str:Code urn="urn:sdmx:org.sdmx.infomodel.codelist.Code=UNICEF:CL_AGE(1.0).NEONATAL" id="NEONATAL"><com:Name xml:lang="en">Neonatal</com:Name></str:Code><str:Code urn="urn:sdmx:org.sdmx.infomodel.codelist.Code=UNICEF:CL_AGE(1.0).OLD_ADLT" id="OLD_ADLT"><com:Name xml:lang="en">Older adults</com:Name></str:Code><str:Code urn="urn:sdmx:org.sdmx.infomodel.codelist.Code=UNICEF:CL_AGE(1.0).OVER_AGE" id="OVER_AGE"><com:Name xml:lang="en">Over age</com:Name></str:Code><str:Code urn="urn:sdmx:org.sdmx.infomodel.codelist.Code=UNICEF:CL_AGE(1.0).POST_NEONATAL" id="POST_NEONATAL"><com:Name xml:lang="en">Post-neonatal</com:Name></str:Code><str:Code urn="urn:sdmx:org.sdmx.infomodel.codelist.Code=UNICEF:CL_AGE(1.0).PRY_SCHOOL_AGE" id="PRY_SCHOOL_AGE"><com:Name xml:lang="en">Primary school age</com:Name></str:Code><str:Code urn="urn:sdmx:org.sdmx.infomodel.codelist.Code=UNICEF:CL_AGE(1.0).SCHOOL_AGE" id="SCHOOL_AGE"><com:Name xml:lang="en">School age</com:Name></str:Code><str:Code urn="urn:sdmx:org.sdmx.infomodel.codelist.Code=UNICEF:CL_AGE(1.0).SCHOOL_ENTRY_AGE" id="SCHOOL_ENTRY_AGE"><com:Name xml:lang="en">Official school entrance age</com:Name></str:Code><str:Code urn="urn:sdmx:org.sdmx.infomodel.codelist.Code=UNICEF:CL_AGE(1.0).TH_ENTRY_GLAST" id="TH_ENTRY_GLAST"><com:Name xml:lang="en">Official entrance age to the last grade</com:Name></str:Code><str:Code urn="urn:sdmx:org.sdmx.infomodel.codelist.Code=UNICEF:CL_AGE(1.0).UNDER1_SCHOOL_ENTRY" id="UNDER1_SCHOOL_ENTRY"><com:Name xml:lang="en">One year younger than official school entrance age</com:Name></str:Code><str:Code urn="urn:sdmx:org.sdmx.infomodel.codelist.Code=UNICEF:CL_AGE(1.0).UNDER_AGE" id="UNDER_AGE"><com:Name xml:lang="en">Under age</com:Name></str:Code><str:Code urn="urn:sdmx:org.sdmx.infomodel.codelist.Code=UNICEF:CL_AGE(1.0).USRY_SCHOOL_AGE" id="USRY_SCHOOL_AGE"><com:Name xml:lang="en">Upper secondary school age</com:Name></str:Code><str:Code urn="urn:sdmx:org.sdmx.infomodel.codelist.Code=UNICEF:CL_AGE(1.0).Y0" id="Y0"><com:Name xml:lang="en">Under 1 year old</com:Name></str:Code><str:Code urn="urn:sdmx:org.sdmx.infomodel.codelist.Code=UNICEF:CL_AGE(1.0).Y01" id="Y01"><com:Name xml:lang="en">1 year old</com:Name></str:Code><str:Code urn="urn:sdmx:org.sdmx.infomodel.codelist.Code=UNICEF:CL_AGE(1.0).Y02" id="Y02"><com:Name xml:lang="en">2 years old</com:Name></str:Code><str:Code urn="urn:sdmx:org.sdmx.infomodel.codelist.Code=UNICEF:CL_AGE(1.0).Y03" id="Y03"><com:Name xml:lang="en">3 years old</com:Name></str:Code><str:Code urn="urn:sdmx:org.sdmx.infomodel.codelist.Code=UNICEF:CL_AGE(1.0).Y04" id="Y04"><com:Name xml:lang="en">4 years old</com:Name></str:Code><str:Code urn="urn:sdmx:org.sdmx.infomodel.codelist.Code=UNICEF:CL_AGE(1.0).Y05" id="Y05"><com:Name xml:lang="en">5 years old</com:Name></str:Code><str:Code urn="urn:sdmx:org.sdmx.infomodel.codelist.Code=UNICEF:CL_AGE(1.0).Y06" id="Y06"><com:Name xml:lang="en">6 years old</com:Name></str:Code><str:Code urn="urn:sdmx:org.sdmx.infomodel.codelist.Code=UNICEF:CL_AGE(1.0).Y07" id="Y07"><com:Name xml:lang="en">7 years old</com:Name></str:Code><str:Code urn="urn:sdmx:org.sdmx.infomodel.codelist.Code=UNICEF:CL_AGE(1.0).Y08" id="Y08"><com:Name xml:lang="en">8 years old</com:Name></str:Code><str:Code urn="urn:sdmx:org.sdmx.infomodel.codelist.Code=UNICEF:CL_AGE(1.0).Y09" id="Y09"><com:Name xml:lang="en">9 years old</com:Name></str:Code><str:Code urn="urn:sdmx:org.sdmx.infomodel.codelist.Code=UNICEF:CL_AGE(1.0).Y0T11" id="Y0T11"><com:Name xml:lang="en">Under 11 years old</com:Name></str:Code><str:Code urn="urn:sdmx:org.sdmx.infomodel.codelist.Code=UNICEF:CL_AGE(1.0).Y0T13" id="Y0T13"><com:Name xml:lang="en">Under 14 years old</com:Name></str:Code><str:Code urn="urn:sdmx:org.sdmx.infomodel.codelist.Code=UNICEF:CL_AGE(1.0).Y0T14" id="Y0T14"><com:Name xml:lang="en">Under 15 years old</com:Name></str:Code><str:Code urn="urn:sdmx:org.sdmx.infomodel.codelist.Code=UNICEF:CL_AGE(1.0).Y0T15" id="Y0T15"><com:Name xml:lang="en">Under 16 years old</com:Name></str:Code><str:Code urn="urn:sdmx:org.sdmx.infomodel.codelist.Code=UNICEF:CL_AGE(1.0).Y0T16" id="Y0T16"><com:Name xml:lang="en">Under 17 years old</com:Name></str:Code><str:Code urn="urn:sdmx:org.sdmx.infomodel.codelist.Code=UNICEF:CL_AGE(1.0).Y0T17" id="Y0T17"><com:Name xml:lang="en">Under 18 years old</com:Name></str:Code><str:Code urn="urn:sdmx:org.sdmx.infomodel.codelist.Code=UNICEF:CL_AGE(1.0).Y0T18" id="Y0T18"><com:Name xml:lang="en">Under 19 years old</com:Name></str:Code><str:Code urn="urn:sdmx:org.sdmx.infomodel.codelist.Code=UNICEF:CL_AGE(1.0).Y0T19" id="Y0T19"><com:Name xml:lang="en">Under 20 years old</com:Name></str:Code><str:Code urn="urn:sdmx:org.sdmx.infomodel.codelist.Code=UNICEF:CL_AGE(1.0).Y0T2" id="Y0T2"><com:Name xml:lang="en">Under 3 years old</com:Name></str:Code><str:Code urn="urn:sdmx:org.sdmx.infomodel.codelist.Code=UNICEF:CL_AGE(1.0).Y0T20" id="Y0T20"><com:Name xml:lang="en">Under 21 years old</com:Name></str:Code><str:Code urn="urn:sdmx:org.sdmx.infomodel.codelist.Code=UNICEF:CL_AGE(1.0).Y0T21" id="Y0T21"><com:Name xml:lang="en">Under 22 years old</com:Name></str:Code><str:Code urn="urn:sdmx:org.sdmx.infomodel.codelist.Code=UNICEF:CL_AGE(1.0).Y0T24" id="Y0T24"><com:Name xml:lang="en">Under 25 years old</com:Name></str:Code><str:Code urn="urn:sdmx:org.sdmx.infomodel.codelist.Code=UNICEF:CL_AGE(1.0).Y0T3" id="Y0T3"><com:Name xml:lang="en">Under 4 years old</com:Name></str:Code><str:Code urn="urn:sdmx:org.sdmx.infomodel.codelist.Code=UNICEF:CL_AGE(1.0).Y0T4" id="Y0T4"><com:Name xml:lang="en">Under 5 years old</com:Name></str:Code><str:Code urn="urn:sdmx:org.sdmx.infomodel.codelist.Code=UNICEF:CL_AGE(1.0).Y0T5" id="Y0T5"><com:Name xml:lang="en">Under 6 years old</com:Name></str:Code><str:Code urn="urn:sdmx:org.sdmx.infomodel.codelist.Code=UNICEF:CL_AGE(1.0).Y0T59" id="Y0T59"><com:Name xml:lang="en">Under 60 years old</com:Name></str:Code><str:Code urn="urn:sdmx:org.sdmx.infomodel.codelist.Code=UNICEF:CL_AGE(1.0).Y0T6" id="Y0T6"><com:Name xml:lang="en">Under 7 years old</com:Name></str:Code><str:Code urn="urn:sdmx:org.sdmx.infomodel.codelist.Code=UNICEF:CL_AGE(1.0).Y0T64" id="Y0T64"><com:Name xml:lang="en">Under 65 years old</com:Name></str:Code><str:Code urn="urn:sdmx:org.sdmx.infomodel.codelist.Code=UNICEF:CL_AGE(1.0).Y0T7" id="Y0T7"><com:Name xml:lang="en">Under 8 years old</com:Name></str:Code><str:Code urn="urn:sdmx:org.sdmx.infomodel.codelist.Code=UNICEF:CL_AGE(1.0).Y0T74" id="Y0T74"><com:Name xml:lang="en">Under 75 years old</com:Name></str:Code><str:Code urn="urn:sdmx:org.sdmx.infomodel.codelist.Code=UNICEF:CL_AGE(1.0).Y0T9" id="Y0T9"><com:Name xml:lang="en">Under 10 years old</com:Name></str:Code><str:Code urn="urn:sdmx:org.sdmx.infomodel.codelist.Code=UNICEF:CL_AGE(1.0).Y10" id="Y10"><com:Name xml:lang="en">10 years old</com:Name></str:Code><str:Code urn="urn:sdmx:org.sdmx.infomodel.codelist.Code=UNICEF:CL_AGE(1.0).Y100" id="Y100"><com:Name xml:lang="en">100 years old</com:Name></str:Code><str:Code urn="urn:sdmx:org.sdmx.infomodel.codelist.Code=UNICEF:CL_AGE(1.0).Y10T11" id="Y10T11"><com:Name xml:lang="en">10 to 11 years old</com:Name></str:Code><str:Code urn="urn:sdmx:org.sdmx.infomodel.codelist.Code=UNICEF:CL_AGE(1.0).Y10T12" id="Y10T12"><com:Name xml:lang="en">10 to 12 years old</com:Name></str:Code><str:Code urn="urn:sdmx:org.sdmx.infomodel.codelist.Code=UNICEF:CL_AGE(1.0).Y10T13" id="Y10T13"><com:Name xml:lang="en">10 to 13 years old</com:Name></str:Code><str:Code urn="urn:sdmx:org.sdmx.infomodel.codelist.Code=UNICEF:CL_AGE(1.0).Y10T14" id="Y10T14"><com:Name xml:lang="en">10 to 14 years old</com:Name></str:Code><str:Code urn="urn:sdmx:org.sdmx.infomodel.codelist.Code=UNICEF:CL_AGE(1.0).Y10T15" id="Y10T15"><com:Name xml:lang="en">10 to 15 years old</com:Name></str:Code><str:Code urn="urn:sdmx:org.sdmx.infomodel.codelist.Code=UNICEF:CL_AGE(1.0).Y10T16" id="Y10T16"><com:Name xml:lang="en">10 to 16 years old</com:Name></str:Code><str:Code urn="urn:sdmx:org.sdmx.infomodel.codelist.Code=UNICEF:CL_AGE(1.0).Y10T17" id="Y10T17"><com:Name xml:lang="en">10 to 17 years old</com:Name></str:Code><str:Code urn="urn:sdmx:org.sdmx.infomodel.codelist.Code=UNICEF:CL_AGE(1.0).Y10T18" id="Y10T18"><com:Name xml:lang="en">10 to 18 years old</com:Name></str:Code><str:Code urn="urn:sdmx:org.sdmx.infomodel.codelist.Code=UNICEF:CL_AGE(1.0).Y10T19" id="Y10T19"><com:Name xml:lang="en">10 to 19 years old</com:Name></str:Code><str:Code urn="urn:sdmx:org.sdmx.infomodel.codelist.Code=UNICEF:CL_AGE(1.0).Y10T21" id="Y10T21"><com:Name xml:lang="en">10 to 21 years old</com:Name></str:Code><str:Code urn="urn:sdmx:org.sdmx.infomodel.codelist.Code=UNICEF:CL_AGE(1.0).Y10T24" id="Y10T24"><com:Name xml:lang="en">10 to 24 years old</com:Name></str:Code><str:Code urn="urn:sdmx:org.sdmx.infomodel.codelist.Code=UNICEF:CL_AGE(1.0).Y10T74" id="Y10T74"><com:Name xml:lang="en">10 to 74 years old</com:Name></str:Code><str:Code urn="urn:sdmx:org.sdmx.infomodel.codelist.Code=UNICEF:CL_AGE(1.0).Y11" id="Y11"><com:Name xml:lang="en">11 years old</com:Name></str:Code><str:Code urn="urn:sdmx:org.sdmx.infomodel.codelist.Code=UNICEF:CL_AGE(1.0).Y11T12" id="Y11T12"><com:Name xml:lang="en">11 to 12 years old</com:Name></str:Code><str:Code urn="urn:sdmx:org.sdmx.infomodel.codelist.Code=UNICEF:CL_AGE(1.0).Y11T13" id="Y11T13"><com:Name xml:lang="en">11 to 13 years old</com:Name></str:Code><str:Code urn="urn:sdmx:org.sdmx.infomodel.codelist.Code=UNICEF:CL_AGE(1.0).Y11T15" id="Y11T15"><com:Name xml:lang="en">11 to 15 years old</com:Name></str:Code><str:Code urn="urn:sdmx:org.sdmx.infomodel.codelist.Code=UNICEF:CL_AGE(1.0).Y11T16" id="Y11T16"><com:Name xml:lang="en">11 to 16 years old</com:Name></str:Code><str:Code urn="urn:sdmx:org.sdmx.infomodel.codelist.Code=UNICEF:CL_AGE(1.0).Y11T17" id="Y11T17"><com:Name xml:lang="en">11 to 17 years old</com:Name></str:Code><str:Code urn="urn:sdmx:org.sdmx.infomodel.codelist.Code=UNICEF:CL_AGE(1.0).Y12" id="Y12"><com:Name xml:lang="en">12 years old</com:Name></str:Code><str:Code urn="urn:sdmx:org.sdmx.infomodel.codelist.Code=UNICEF:CL_AGE(1.0).Y12T14" id="Y12T14"><com:Name xml:lang="en">12 to 14 years old</com:Name></str:Code><str:Code urn="urn:sdmx:org.sdmx.infomodel.codelist.Code=UNICEF:CL_AGE(1.0).Y12T15" id="Y12T15"><com:Name xml:lang="en">12 to 15 years old</com:Name></str:Code><str:Code urn="urn:sdmx:org.sdmx.infomodel.codelist.Code=UNICEF:CL_AGE(1.0).Y12T17" id="Y12T17"><com:Name xml:lang="en">12 to 17 years old</com:Name></str:Code><str:Code urn="urn:sdmx:org.sdmx.infomodel.codelist.Code=UNICEF:CL_AGE(1.0).Y12T18" id="Y12T18"><com:Name xml:lang="en">12 to 18 years old</com:Name></str:Code><str:Code urn="urn:sdmx:org.sdmx.infomodel.codelist.Code=UNICEF:CL_AGE(1.0).Y12T20" id="Y12T20"><com:Name xml:lang="en">12 to 20 years old</com:Name></str:Code><str:Code urn="urn:sdmx:org.sdmx.infomodel.codelist.Code=UNICEF:CL_AGE(1.0).Y12T21" id="Y12T21"><com:Name xml:lang="en">12 to 21 years old</com:Name></str:Code><str:Code urn="urn:sdmx:org.sdmx.infomodel.codelist.Code=UNICEF:CL_AGE(1.0).Y12T23" id="Y12T23"><com:Name xml:lang="en">12 to 23 years old</com:Name></str:Code><str:Code urn="urn:sdmx:org.sdmx.infomodel.codelist.Code=UNICEF:CL_AGE(1.0).Y12T24" id="Y12T24"><com:Name xml:lang="en">12 to 24 years old</com:Name></str:Code><str:Code urn="urn:sdmx:org.sdmx.infomodel.codelist.Code=UNICEF:CL_AGE(1.0).Y12T26" id="Y12T26"><com:Name xml:lang="en">12 to 26 years old</com:Name></str:Code><str:Code urn="urn:sdmx:org.sdmx.infomodel.codelist.Code=UNICEF:CL_AGE(1.0).Y12T30" id="Y12T30"><com:Name xml:lang="en">12 to 30 years old</com:Name></str:Code><str:Code urn="urn:sdmx:org.sdmx.infomodel.codelist.Code=UNICEF:CL_AGE(1.0).Y13" id="Y13"><com:Name xml:lang="en">13 years old</com:Name></str:Code><str:Code urn="urn:sdmx:org.sdmx.infomodel.codelist.Code=UNICEF:CL_AGE(1.0).Y13T14" id="Y13T14"><com:Name xml:lang="en">13 to 14 years old</com:Name></str:Code><str:Code urn="urn:sdmx:org.sdmx.infomodel.codelist.Code=UNICEF:CL_AGE(1.0).Y13T15" id="Y13T15"><com:Name xml:lang="en">13 to 15 years</com:Name></str:Code><str:Code urn="urn:sdmx:org.sdmx.infomodel.codelist.Code=UNICEF:CL_AGE(1.0).Y13T16" id="Y13T16"><com:Name xml:lang="en">13 to 16 years old</com:Name></str:Code><str:Code urn="urn:sdmx:org.sdmx.infomodel.codelist.Code=UNICEF:CL_AGE(1.0).Y13T17" id="Y13T17"><com:Name xml:lang="en">13 to 17 years old</com:Name></str:Code><str:Code urn="urn:sdmx:org.sdmx.infomodel.codelist.Code=UNICEF:CL_AGE(1.0).Y13T18" id="Y13T18"><com:Name xml:lang="en">13 to 18 years old</com:Name></str:Code><str:Code urn="urn:sdmx:org.sdmx.infomodel.codelist.Code=UNICEF:CL_AGE(1.0).Y13T19" id="Y13T19"><com:Name xml:lang="en">13 to 19 years old</com:Name></str:Code><str:Code urn="urn:sdmx:org.sdmx.infomodel.codelist.Code=UNICEF:CL_AGE(1.0).Y13T24" id="Y13T24"><com:Name xml:lang="en">13 to 24 years old</com:Name></str:Code><str:Code urn="urn:sdmx:org.sdmx.infomodel.codelist.Code=UNICEF:CL_AGE(1.0).Y14" id="Y14"><com:Name xml:lang="en">14 years old</com:Name></str:Code><str:Code urn="urn:sdmx:org.sdmx.infomodel.codelist.Code=UNICEF:CL_AGE(1.0).Y14T15" id="Y14T15"><com:Name xml:lang="en">14 to 15 years old</com:Name></str:Code><str:Code urn="urn:sdmx:org.sdmx.infomodel.codelist.Code=UNICEF:CL_AGE(1.0).Y14T17" id="Y14T17"><com:Name xml:lang="en">14 to 17 years old</com:Name></str:Code><str:Code urn="urn:sdmx:org.sdmx.infomodel.codelist.Code=UNICEF:CL_AGE(1.0).Y14T18" id="Y14T18"><com:Name xml:lang="en">14 to 18 years old</com:Name></str:Code><str:Code urn="urn:sdmx:org.sdmx.infomodel.codelist.Code=UNICEF:CL_AGE(1.0).Y14T20" id="Y14T20"><com:Name xml:lang="en">14 to 20 years old</com:Name></str:Code><str:Code urn="urn:sdmx:org.sdmx.infomodel.codelist.Code=UNICEF:CL_AGE(1.0).Y14T21" id="Y14T21"><com:Name xml:lang="en">14 to 21 years old</com:Name></str:Code><str:Code urn="urn:sdmx:org.sdmx.infomodel.codelist.Code=UNICEF:CL_AGE(1.0).Y14T24" id="Y14T24"><com:Name xml:lang="en">14 to 24 years old</com:Name></str:Code><str:Code urn="urn:sdmx:org.sdmx.infomodel.codelist.Code=UNICEF:CL_AGE(1.0).Y14T28" id="Y14T28"><com:Name xml:lang="en">14 to 28 years old</com:Name></str:Code><str:Code urn="urn:sdmx:org.sdmx.infomodel.codelist.Code=UNICEF:CL_AGE(1.0).Y14T29" id="Y14T29"><com:Name xml:lang="en">14 to 29 years old</com:Name></str:Code><str:Code urn="urn:sdmx:org.sdmx.infomodel.codelist.Code=UNICEF:CL_AGE(1.0).Y15" id="Y15"><com:Name xml:lang="en">15 years old</com:Name></str:Code><str:Code urn="urn:sdmx:org.sdmx.infomodel.codelist.Code=UNICEF:CL_AGE(1.0).Y15T16" id="Y15T16"><com:Name xml:lang="en">15 to 16 years old</com:Name></str:Code><str:Code urn="urn:sdmx:org.sdmx.infomodel.codelist.Code=UNICEF:CL_AGE(1.0).Y15T17" id="Y15T17"><com:Name xml:lang="en">15 to 17 years old</com:Name></str:Code><str:Code urn="urn:sdmx:org.sdmx.infomodel.codelist.Code=UNICEF:CL_AGE(1.0).Y15T18" id="Y15T18"><com:Name xml:lang="en">15 to 18 years old</com:Name></str:Code><str:Code urn="urn:sdmx:org.sdmx.infomodel.codelist.Code=UNICEF:CL_AGE(1.0).Y15T19" id="Y15T19"><com:Name xml:lang="en">15 to 19 years old</com:Name></str:Code><str:Code urn="urn:sdmx:org.sdmx.infomodel.codelist.Code=UNICEF:CL_AGE(1.0).Y15T20" id="Y15T20"><com:Name xml:lang="en">15 to 20 years old</com:Name></str:Code><str:Code urn="urn:sdmx:org.sdmx.infomodel.codelist.Code=UNICEF:CL_AGE(1.0).Y15T21" id="Y15T21"><com:Name xml:lang="en">15 to 21 years old</com:Name></str:Code><str:Code urn="urn:sdmx:org.sdmx.infomodel.codelist.Code=UNICEF:CL_AGE(1.0).Y15T22" id="Y15T22"><com:Name xml:lang="en">15 to 22 years old</com:Name></str:Code><str:Code urn="urn:sdmx:org.sdmx.infomodel.codelist.Code=UNICEF:CL_AGE(1.0).Y15T23" id="Y15T23"><com:Name xml:lang="en">15 to 23 years old</com:Name></str:Code><str:Code urn="urn:sdmx:org.sdmx.infomodel.codelist.Code=UNICEF:CL_AGE(1.0).Y15T24" id="Y15T24"><com:Name xml:lang="en">15 to 24 years old</com:Name></str:Code><str:Code urn="urn:sdmx:org.sdmx.infomodel.codelist.Code=UNICEF:CL_AGE(1.0).Y15T25" id="Y15T25"><com:Name xml:lang="en">15 to 25 years old</com:Name></str:Code><str:Code urn="urn:sdmx:org.sdmx.infomodel.codelist.Code=UNICEF:CL_AGE(1.0).Y15T26" id="Y15T26"><com:Name xml:lang="en">15 to 26 years old</com:Name></str:Code><str:Code urn="urn:sdmx:org.sdmx.infomodel.codelist.Code=UNICEF:CL_AGE(1.0).Y15T27" id="Y15T27"><com:Name xml:lang="en">15 to 27 years old</com:Name></str:Code><str:Code urn="urn:sdmx:org.sdmx.infomodel.codelist.Code=UNICEF:CL_AGE(1.0).Y15T29" id="Y15T29"><com:Name xml:lang="en">15 to 29 years old</com:Name></str:Code><str:Code urn="urn:sdmx:org.sdmx.infomodel.codelist.Code=UNICEF:CL_AGE(1.0).Y15T34" id="Y15T34"><com:Name xml:lang="en">15 to 34 years old</com:Name></str:Code><str:Code urn="urn:sdmx:org.sdmx.infomodel.codelist.Code=UNICEF:CL_AGE(1.0).Y15T43" id="Y15T43"><com:Name xml:lang="en">15 to 43 years old</com:Name></str:Code><str:Code urn="urn:sdmx:org.sdmx.infomodel.codelist.Code=UNICEF:CL_AGE(1.0).Y15T44" id="Y15T44"><com:Name xml:lang="en">15 to 44 years old</com:Name></str:Code><str:Code urn="urn:sdmx:org.sdmx.infomodel.codelist.Code=UNICEF:CL_AGE(1.0).Y15T48" id="Y15T48"><com:Name xml:lang="en">15 to 48 years old</com:Name></str:Code><str:Code urn="urn:sdmx:org.sdmx.infomodel.codelist.Code=UNICEF:CL_AGE(1.0).Y15T49" id="Y15T49"><com:Name xml:lang="en">15 to 49 years old</com:Name></str:Code><str:Code urn="urn:sdmx:org.sdmx.infomodel.codelist.Code=UNICEF:CL_AGE(1.0).Y15T50" id="Y15T50"><com:Name xml:lang="en">15 to 50 years old</com:Name></str:Code><str:Code urn="urn:sdmx:org.sdmx.infomodel.codelist.Code=UNICEF:CL_AGE(1.0).Y15T54" id="Y15T54"><com:Name xml:lang="en">15 to 54 years old</com:Name></str:Code><str:Code urn="urn:sdmx:org.sdmx.infomodel.codelist.Code=UNICEF:CL_AGE(1.0).Y15T59" id="Y15T59"><com:Name xml:lang="en">15 to 59 years old</com:Name></str:Code><str:Code urn="urn:sdmx:org.sdmx.infomodel.codelist.Code=UNICEF:CL_AGE(1.0).Y15T60" id="Y15T60"><com:Name xml:lang="en">15 to 60 years old</com:Name></str:Code><str:Code urn="urn:sdmx:org.sdmx.infomodel.codelist.Code=UNICEF:CL_AGE(1.0).Y15T63" id="Y15T63"><com:Name xml:lang="en">15 to 63 years old</com:Name></str:Code><str:Code urn="urn:sdmx:org.sdmx.infomodel.codelist.Code=UNICEF:CL_AGE(1.0).Y15T64" id="Y15T64"><com:Name xml:lang="en">15 to 64 years old</com:Name></str:Code><str:Code urn="urn:sdmx:org.sdmx.infomodel.codelist.Code=UNICEF:CL_AGE(1.0).Y15T65" id="Y15T65"><com:Name xml:lang="en">15 to 65 years old</com:Name></str:Code><str:Code urn="urn:sdmx:org.sdmx.infomodel.codelist.Code=UNICEF:CL_AGE(1.0).Y15T70" id="Y15T70"><com:Name xml:lang="en">15 to 70 years old</com:Name></str:Code><str:Code urn="urn:sdmx:org.sdmx.infomodel.codelist.Code=UNICEF:CL_AGE(1.0).Y15T72" id="Y15T72"><com:Name xml:lang="en">15 to 72 years old</com:Name></str:Code><str:Code urn="urn:sdmx:org.sdmx.infomodel.codelist.Code=UNICEF:CL_AGE(1.0).Y15T74" id="Y15T74"><com:Name xml:lang="en">15 to 74 years old</com:Name></str:Code><str:Code urn="urn:sdmx:org.sdmx.infomodel.codelist.Code=UNICEF:CL_AGE(1.0).Y15T80" id="Y15T80"><com:Name xml:lang="en">15 to 80 years old</com:Name></str:Code><str:Code urn="urn:sdmx:org.sdmx.infomodel.codelist.Code=UNICEF:CL_AGE(1.0).Y15T84" id="Y15T84"><com:Name xml:lang="en">15 to 84 years old</com:Name></str:Code><str:Code urn="urn:sdmx:org.sdmx.infomodel.codelist.Code=UNICEF:CL_AGE(1.0).Y16" id="Y16"><com:Name xml:lang="en">16 years old</com:Name></str:Code><str:Code urn="urn:sdmx:org.sdmx.infomodel.codelist.Code=UNICEF:CL_AGE(1.0).Y16T17" id="Y16T17"><com:Name xml:lang="en">16 to 17 years old</com:Name></str:Code><str:Code urn="urn:sdmx:org.sdmx.infomodel.codelist.Code=UNICEF:CL_AGE(1.0).Y16T18" id="Y16T18"><com:Name xml:lang="en">16 to 18 years old</com:Name></str:Code><str:Code urn="urn:sdmx:org.sdmx.infomodel.codelist.Code=UNICEF:CL_AGE(1.0).Y16T19" id="Y16T19"><com:Name xml:lang="en">16 to 19 years old</com:Name></str:Code><str:Code urn="urn:sdmx:org.sdmx.infomodel.codelist.Code=UNICEF:CL_AGE(1.0).Y16T20" id="Y16T20"><com:Name xml:lang="en">16 to 20 years old</com:Name></str:Code><str:Code urn="urn:sdmx:org.sdmx.infomodel.codelist.Code=UNICEF:CL_AGE(1.0).Y16T24" id="Y16T24"><com:Name xml:lang="en">16 to 24 years old</com:Name></str:Code><str:Code urn="urn:sdmx:org.sdmx.infomodel.codelist.Code=UNICEF:CL_AGE(1.0).Y16T25" id="Y16T25"><com:Name xml:lang="en">16 to 25 years old</com:Name></str:Code><str:Code urn="urn:sdmx:org.sdmx.infomodel.codelist.Code=UNICEF:CL_AGE(1.0).Y16T29" id="Y16T29"><com:Name xml:lang="en">16 to 29 years old</com:Name></str:Code><str:Code urn="urn:sdmx:org.sdmx.infomodel.codelist.Code=UNICEF:CL_AGE(1.0).Y16T44" id="Y16T44"><com:Name xml:lang="en">16 to 44 years old</com:Name></str:Code><str:Code urn="urn:sdmx:org.sdmx.infomodel.codelist.Code=UNICEF:CL_AGE(1.0).Y16T64" id="Y16T64"><com:Name xml:lang="en">16 to 64 years old</com:Name></str:Code><str:Code urn="urn:sdmx:org.sdmx.infomodel.codelist.Code=UNICEF:CL_AGE(1.0).Y16T65" id="Y16T65"><com:Name xml:lang="en">16 to 65 years old</com:Name></str:Code><str:Code urn="urn:sdmx:org.sdmx.infomodel.codelist.Code=UNICEF:CL_AGE(1.0).Y16T74" id="Y16T74"><com:Name xml:lang="en">16 to 74 years old</com:Name></str:Code><str:Code urn="urn:sdmx:org.sdmx.infomodel.codelist.Code=UNICEF:CL_AGE(1.0).Y17" id="Y17"><com:Name xml:lang="en">17 years old</com:Name></str:Code><str:Code urn="urn:sdmx:org.sdmx.infomodel.codelist.Code=UNICEF:CL_AGE(1.0).Y17T19" id="Y17T19"><com:Name xml:lang="en">17 to 19 years old</com:Name></str:Code><str:Code urn="urn:sdmx:org.sdmx.infomodel.codelist.Code=UNICEF:CL_AGE(1.0).Y18" id="Y18"><com:Name xml:lang="en">18 years old</com:Name></str:Code><str:Code urn="urn:sdmx:org.sdmx.infomodel.codelist.Code=UNICEF:CL_AGE(1.0).Y18T19" id="Y18T19"><com:Name xml:lang="en">18 to 19 years old</com:Name></str:Code><str:Code urn="urn:sdmx:org.sdmx.infomodel.codelist.Code=UNICEF:CL_AGE(1.0).Y18T23" id="Y18T23"><com:Name xml:lang="en">18 to 23 years old</com:Name></str:Code><str:Code urn="urn:sdmx:org.sdmx.infomodel.codelist.Code=UNICEF:CL_AGE(1.0).Y18T24" id="Y18T24"><com:Name xml:lang="en">18 to 24 years old</com:Name></str:Code><str:Code urn="urn:sdmx:org.sdmx.infomodel.codelist.Code=UNICEF:CL_AGE(1.0).Y18T27" id="Y18T27"><com:Name xml:lang="en">18 to 27 years old</com:Name></str:Code><str:Code urn="urn:sdmx:org.sdmx.infomodel.codelist.Code=UNICEF:CL_AGE(1.0).Y18T28" id="Y18T28"><com:Name xml:lang="en">18 to 28 years old</com:Name></str:Code><str:Code urn="urn:sdmx:org.sdmx.infomodel.codelist.Code=UNICEF:CL_AGE(1.0).Y18T29" id="Y18T29"><com:Name xml:lang="en">18 to 29 years old</com:Name></str:Code><str:Code urn="urn:sdmx:org.sdmx.infomodel.codelist.Code=UNICEF:CL_AGE(1.0).Y18T34" id="Y18T34"><com:Name xml:lang="en">18 to 34 years old</com:Name></str:Code><str:Code urn="urn:sdmx:org.sdmx.infomodel.codelist.Code=UNICEF:CL_AGE(1.0).Y18T35" id="Y18T35"><com:Name xml:lang="en">18 to 35 years old</com:Name></str:Code><str:Code urn="urn:sdmx:org.sdmx.infomodel.codelist.Code=UNICEF:CL_AGE(1.0).Y18T44" id="Y18T44"><com:Name xml:lang="en">18 to 44 years old</com:Name></str:Code><str:Code urn="urn:sdmx:org.sdmx.infomodel.codelist.Code=UNICEF:CL_AGE(1.0).Y18T48" id="Y18T48"><com:Name xml:lang="en">18 to 48 years old</com:Name></str:Code><str:Code urn="urn:sdmx:org.sdmx.infomodel.codelist.Code=UNICEF:CL_AGE(1.0).Y18T49" id="Y18T49"><com:Name xml:lang="en">18 to 49 years old</com:Name></str:Code><str:Code urn="urn:sdmx:org.sdmx.infomodel.codelist.Code=UNICEF:CL_AGE(1.0).Y18T59" id="Y18T59"><com:Name xml:lang="en">18 to 59 years old</com:Name></str:Code><str:Code urn="urn:sdmx:org.sdmx.infomodel.codelist.Code=UNICEF:CL_AGE(1.0).Y18T64" id="Y18T64"><com:Name xml:lang="en">18 to 64 years old</com:Name></str:Code><str:Code urn="urn:sdmx:org.sdmx.infomodel.codelist.Code=UNICEF:CL_AGE(1.0).Y18T73" id="Y18T73"><com:Name xml:lang="en">18 to 73 years old</com:Name></str:Code><str:Code urn="urn:sdmx:org.sdmx.infomodel.codelist.Code=UNICEF:CL_AGE(1.0).Y18T74" id="Y18T74"><com:Name xml:lang="en">18 to 74 years old</com:Name></str:Code><str:Code urn="urn:sdmx:org.sdmx.infomodel.codelist.Code=UNICEF:CL_AGE(1.0).Y19" id="Y19"><com:Name xml:lang="en">19 years old</com:Name></str:Code><str:Code urn="urn:sdmx:org.sdmx.infomodel.codelist.Code=UNICEF:CL_AGE(1.0).Y19T24" id="Y19T24"><com:Name xml:lang="en">19 to 24 years old</com:Name></str:Code><str:Code urn="urn:sdmx:org.sdmx.infomodel.codelist.Code=UNICEF:CL_AGE(1.0).Y19T65" id="Y19T65"><com:Name xml:lang="en">19 to 65 years old</com:Name></str:Code><str:Code urn="urn:sdmx:org.sdmx.infomodel.codelist.Code=UNICEF:CL_AGE(1.0).Y1T13" id="Y1T13"><com:Name xml:lang="en">1 to 13 years old</com:Name></str:Code><str:Code urn="urn:sdmx:org.sdmx.infomodel.codelist.Code=UNICEF:CL_AGE(1.0).Y1T14" id="Y1T14"><com:Name xml:lang="en">1 to 14 years old</com:Name></str:Code><str:Code urn="urn:sdmx:org.sdmx.infomodel.codelist.Code=UNICEF:CL_AGE(1.0).Y1T15" id="Y1T15"><com:Name xml:lang="en">1 to 15 years old</com:Name></str:Code><str:Code urn="urn:sdmx:org.sdmx.infomodel.codelist.Code=UNICEF:CL_AGE(1.0).Y1T17" id="Y1T17"><com:Name xml:lang="en">1 to 17 years old</com:Name></str:Code><str:Code urn="urn:sdmx:org.sdmx.infomodel.codelist.Code=UNICEF:CL_AGE(1.0).Y1T2" id="Y1T2"><com:Name xml:lang="en">1 to 2 years old</com:Name></str:Code><str:Code urn="urn:sdmx:org.sdmx.infomodel.codelist.Code=UNICEF:CL_AGE(1.0).Y1T4" id="Y1T4"><com:Name xml:lang="en">1 to 4 years old</com:Name></str:Code><str:Code urn="urn:sdmx:org.sdmx.infomodel.codelist.Code=UNICEF:CL_AGE(1.0).Y1T5" id="Y1T5"><com:Name xml:lang="en">1 to 5 years old</com:Name></str:Code><str:Code urn="urn:sdmx:org.sdmx.infomodel.codelist.Code=UNICEF:CL_AGE(1.0).Y20" id="Y20"><com:Name xml:lang="en">20 years old</com:Name></str:Code><str:Code urn="urn:sdmx:org.sdmx.infomodel.codelist.Code=UNICEF:CL_AGE(1.0).Y20T23" id="Y20T23"><com:Name xml:lang="en">20 to 23 years old</com:Name></str:Code><str:Code urn="urn:sdmx:org.sdmx.infomodel.codelist.Code=UNICEF:CL_AGE(1.0).Y20T24" id="Y20T24"><com:Name xml:lang="en">20 to 24 years old</com:Name></str:Code><str:Code urn="urn:sdmx:org.sdmx.infomodel.codelist.Code=UNICEF:CL_AGE(1.0).Y20T25" id="Y20T25"><com:Name xml:lang="en">20 to 25 years old</com:Name></str:Code><str:Code urn="urn:sdmx:org.sdmx.infomodel.codelist.Code=UNICEF:CL_AGE(1.0).Y20T28" id="Y20T28"><com:Name xml:lang="en">20 to 28 years old</com:Name></str:Code><str:Code urn="urn:sdmx:org.sdmx.infomodel.codelist.Code=UNICEF:CL_AGE(1.0).Y20T29" id="Y20T29"><com:Name xml:lang="en">20 to 29 years old</com:Name></str:Code><str:Code urn="urn:sdmx:org.sdmx.infomodel.codelist.Code=UNICEF:CL_AGE(1.0).Y20T30" id="Y20T30"><com:Name xml:lang="en">20 to 30 years old</com:Name></str:Code><str:Code urn="urn:sdmx:org.sdmx.infomodel.codelist.Code=UNICEF:CL_AGE(1.0).Y20T34" id="Y20T34"><com:Name xml:lang="en">20 to 34 years old</com:Name></str:Code><str:Code urn="urn:sdmx:org.sdmx.infomodel.codelist.Code=UNICEF:CL_AGE(1.0).Y20T49" id="Y20T49"><com:Name xml:lang="en">20 to 49 years old</com:Name></str:Code><str:Code urn="urn:sdmx:org.sdmx.infomodel.codelist.Code=UNICEF:CL_AGE(1.0).Y20T64" id="Y20T64"><com:Name xml:lang="en">20 to 64 years old</com:Name></str:Code><str:Code urn="urn:sdmx:org.sdmx.infomodel.codelist.Code=UNICEF:CL_AGE(1.0).Y20T74" id="Y20T74"><com:Name xml:lang="en">20 to 74 years old</com:Name></str:Code><str:Code urn="urn:sdmx:org.sdmx.infomodel.codelist.Code=UNICEF:CL_AGE(1.0).Y21" id="Y21"><com:Name xml:lang="en">21 years old</com:Name></str:Code><str:Code urn="urn:sdmx:org.sdmx.infomodel.codelist.Code=UNICEF:CL_AGE(1.0).Y22" id="Y22"><com:Name xml:lang="en">22 years old</com:Name></str:Code><str:Code urn="urn:sdmx:org.sdmx.infomodel.codelist.Code=UNICEF:CL_AGE(1.0).Y22T24" id="Y22T24"><com:Name xml:lang="en">22 to 24 years old</com:Name></str:Code><str:Code urn="urn:sdmx:org.sdmx.infomodel.codelist.Code=UNICEF:CL_AGE(1.0).Y23" id="Y23"><com:Name xml:lang="en">23 years old</com:Name></str:Code><str:Code urn="urn:sdmx:org.sdmx.infomodel.codelist.Code=UNICEF:CL_AGE(1.0).Y24" id="Y24"><com:Name xml:lang="en">24 years old</com:Name></str:Code><str:Code urn="urn:sdmx:org.sdmx.infomodel.codelist.Code=UNICEF:CL_AGE(1.0).Y24T29" id="Y24T29"><com:Name xml:lang="en">24 to 29 years old</com:Name></str:Code><str:Code urn="urn:sdmx:org.sdmx.infomodel.codelist.Code=UNICEF:CL_AGE(1.0).Y25" id="Y25"><com:Name xml:lang="en">25 years old</com:Name></str:Code><str:Code urn="urn:sdmx:org.sdmx.infomodel.codelist.Code=UNICEF:CL_AGE(1.0).Y25T28" id="Y25T28"><com:Name xml:lang="en">25 to 28 years old</com:Name></str:Code><str:Code urn="urn:sdmx:org.sdmx.infomodel.codelist.Code=UNICEF:CL_AGE(1.0).Y25T29" id="Y25T29"><com:Name xml:lang="en">25 to 29 years old</com:Name></str:Code><str:Code urn="urn:sdmx:org.sdmx.infomodel.codelist.Code=UNICEF:CL_AGE(1.0).Y25T30" id="Y25T30"><com:Name xml:lang="en">25 to 30 years old</com:Name></str:Code><str:Code urn="urn:sdmx:org.sdmx.infomodel.codelist.Code=UNICEF:CL_AGE(1.0).Y25T33" id="Y25T33"><com:Name xml:lang="en">25 to 33 years old</com:Name></str:Code><str:Code urn="urn:sdmx:org.sdmx.infomodel.codelist.Code=UNICEF:CL_AGE(1.0).Y25T34" id="Y25T34"><com:Name xml:lang="en">25 to 34 years old</com:Name></str:Code><str:Code urn="urn:sdmx:org.sdmx.infomodel.codelist.Code=UNICEF:CL_AGE(1.0).Y25T39" id="Y25T39"><com:Name xml:lang="en">25 to 39 years old</com:Name></str:Code><str:Code urn="urn:sdmx:org.sdmx.infomodel.codelist.Code=UNICEF:CL_AGE(1.0).Y25T44" id="Y25T44"><com:Name xml:lang="en">25 to 44 years old</com:Name></str:Code><str:Code urn="urn:sdmx:org.sdmx.infomodel.codelist.Code=UNICEF:CL_AGE(1.0).Y25T49" id="Y25T49"><com:Name xml:lang="en">25 to 49 years old</com:Name></str:Code><str:Code urn="urn:sdmx:org.sdmx.infomodel.codelist.Code=UNICEF:CL_AGE(1.0).Y25T54" id="Y25T54"><com:Name xml:lang="en">25 to 54 years old</com:Name></str:Code><str:Code urn="urn:sdmx:org.sdmx.infomodel.codelist.Code=UNICEF:CL_AGE(1.0).Y25T64" id="Y25T64"><com:Name xml:lang="en">25 to 64 years old</com:Name></str:Code><str:Code urn="urn:sdmx:org.sdmx.infomodel.codelist.Code=UNICEF:CL_AGE(1.0).Y25T74" id="Y25T74"><com:Name xml:lang="en">25 to 74 years old</com:Name></str:Code><str:Code urn="urn:sdmx:org.sdmx.infomodel.codelist.Code=UNICEF:CL_AGE(1.0).Y25T99" id="Y25T99"><com:Name xml:lang="en">25 to 99 years old</com:Name></str:Code><str:Code urn="urn:sdmx:org.sdmx.infomodel.codelist.Code=UNICEF:CL_AGE(1.0).Y26" id="Y26"><com:Name xml:lang="en">26 years old</com:Name></str:Code><str:Code urn="urn:sdmx:org.sdmx.infomodel.codelist.Code=UNICEF:CL_AGE(1.0).Y27" id="Y27"><com:Name xml:lang="en">27 years old</com:Name></str:Code><str:Code urn="urn:sdmx:org.sdmx.infomodel.codelist.Code=UNICEF:CL_AGE(1.0).Y28" id="Y28"><com:Name xml:lang="en">28 years old</com:Name></str:Code><str:Code urn="urn:sdmx:org.sdmx.infomodel.codelist.Code=UNICEF:CL_AGE(1.0).Y29" id="Y29"><com:Name xml:lang="en">29 years old</com:Name></str:Code><str:Code urn="urn:sdmx:org.sdmx.infomodel.codelist.Code=UNICEF:CL_AGE(1.0).Y2T14" id="Y2T14"><com:Name xml:lang="en">2 to 14 years old</com:Name></str:Code><str:Code urn="urn:sdmx:org.sdmx.infomodel.codelist.Code=UNICEF:CL_AGE(1.0).Y2T17" id="Y2T17"><com:Name xml:lang="en">2 to 17 years old</com:Name></str:Code><str:Code urn="urn:sdmx:org.sdmx.infomodel.codelist.Code=UNICEF:CL_AGE(1.0).Y2T4" id="Y2T4"><com:Name xml:lang="en">2 to 4 years old</com:Name></str:Code><str:Code urn="urn:sdmx:org.sdmx.infomodel.codelist.Code=UNICEF:CL_AGE(1.0).Y30" id="Y30"><com:Name xml:lang="en">30 years old</com:Name></str:Code><str:Code urn="urn:sdmx:org.sdmx.infomodel.codelist.Code=UNICEF:CL_AGE(1.0).Y30T33" id="Y30T33"><com:Name xml:lang="en">30 to 33 years old</com:Name></str:Code><str:Code urn="urn:sdmx:org.sdmx.infomodel.codelist.Code=UNICEF:CL_AGE(1.0).Y30T34" id="Y30T34"><com:Name xml:lang="en">30 to 34 years old</com:Name></str:Code><str:Code urn="urn:sdmx:org.sdmx.infomodel.codelist.Code=UNICEF:CL_AGE(1.0).Y30T35" id="Y30T35"><com:Name xml:lang="en">30 to 35 years old</com:Name></str:Code><str:Code urn="urn:sdmx:org.sdmx.infomodel.codelist.Code=UNICEF:CL_AGE(1.0).Y30T38" id="Y30T38"><com:Name xml:lang="en">30 to 38 years old</com:Name></str:Code><str:Code urn="urn:sdmx:org.sdmx.infomodel.codelist.Code=UNICEF:CL_AGE(1.0).Y30T39" id="Y30T39"><com:Name xml:lang="en">30 to 39 years old</com:Name></str:Code><str:Code urn="urn:sdmx:org.sdmx.infomodel.codelist.Code=UNICEF:CL_AGE(1.0).Y30T44" id="Y30T44"><com:Name xml:lang="en">30 to 44 years old</com:Name></str:Code><str:Code urn="urn:sdmx:org.sdmx.infomodel.codelist.Code=UNICEF:CL_AGE(1.0).Y30T49" id="Y30T49"><com:Name xml:lang="en">30 to 49 years old</com:Name></str:Code><str:Code urn="urn:sdmx:org.sdmx.infomodel.codelist.Code=UNICEF:CL_AGE(1.0).Y30T69" id="Y30T69"><com:Name xml:lang="en">30 to 69 years old</com:Name></str:Code><str:Code urn="urn:sdmx:org.sdmx.infomodel.codelist.Code=UNICEF:CL_AGE(1.0).Y30T70" id="Y30T70"><com:Name xml:lang="en">30 to 70 years old</com:Name></str:Code><str:Code urn="urn:sdmx:org.sdmx.infomodel.codelist.Code=UNICEF:CL_AGE(1.0).Y31" id="Y31"><com:Name xml:lang="en">31 years old</com:Name></str:Code><str:Code urn="urn:sdmx:org.sdmx.infomodel.codelist.Code=UNICEF:CL_AGE(1.0).Y32" id="Y32"><com:Name xml:lang="en">32 years old</com:Name></str:Code><str:Code urn="urn:sdmx:org.sdmx.infomodel.codelist.Code=UNICEF:CL_AGE(1.0).Y33" id="Y33"><com:Name xml:lang="en">33 years old</com:Name></str:Code><str:Code urn="urn:sdmx:org.sdmx.infomodel.codelist.Code=UNICEF:CL_AGE(1.0).Y34" id="Y34"><com:Name xml:lang="en">34 years old</com:Name></str:Code><str:Code urn="urn:sdmx:org.sdmx.infomodel.codelist.Code=UNICEF:CL_AGE(1.0).Y35" id="Y35"><com:Name xml:lang="en">35 years old</com:Name></str:Code><str:Code urn="urn:sdmx:org.sdmx.infomodel.codelist.Code=UNICEF:CL_AGE(1.0).Y35T38" id="Y35T38"><com:Name xml:lang="en">35 to 38 years old</com:Name></str:Code><str:Code urn="urn:sdmx:org.sdmx.infomodel.codelist.Code=UNICEF:CL_AGE(1.0).Y35T39" id="Y35T39"><com:Name xml:lang="en">35 to 39 years old</com:Name></str:Code><str:Code urn="urn:sdmx:org.sdmx.infomodel.codelist.Code=UNICEF:CL_AGE(1.0).Y35T40" id="Y35T40"><com:Name xml:lang="en">35 to 40 years old</com:Name></str:Code><str:Code urn="urn:sdmx:org.sdmx.infomodel.codelist.Code=UNICEF:CL_AGE(1.0).Y35T43" id="Y35T43"><com:Name xml:lang="en">35 to 43 years old</com:Name></str:Code><str:Code urn="urn:sdmx:org.sdmx.infomodel.codelist.Code=UNICEF:CL_AGE(1.0).Y35T44" id="Y35T44"><com:Name xml:lang="en">35 to 44 years old</com:Name></str:Code><str:Code urn="urn:sdmx:org.sdmx.infomodel.codelist.Code=UNICEF:CL_AGE(1.0).Y35T49" id="Y35T49"><com:Name xml:lang="en">35 to 49 years old</com:Name></str:Code><str:Code urn="urn:sdmx:org.sdmx.infomodel.codelist.Code=UNICEF:CL_AGE(1.0).Y35T64" id="Y35T64"><com:Name xml:lang="en">35 to 64 years old</com:Name></str:Code><str:Code urn="urn:sdmx:org.sdmx.infomodel.codelist.Code=UNICEF:CL_AGE(1.0).Y36" id="Y36"><com:Name xml:lang="en">36 years old</com:Name></str:Code><str:Code urn="urn:sdmx:org.sdmx.infomodel.codelist.Code=UNICEF:CL_AGE(1.0).Y37" id="Y37"><com:Name xml:lang="en">37 years old</com:Name></str:Code><str:Code urn="urn:sdmx:org.sdmx.infomodel.codelist.Code=UNICEF:CL_AGE(1.0).Y38" id="Y38"><com:Name xml:lang="en">38 years old</com:Name></str:Code><str:Code urn="urn:sdmx:org.sdmx.infomodel.codelist.Code=UNICEF:CL_AGE(1.0).Y39" id="Y39"><com:Name xml:lang="en">39 years old</com:Name></str:Code><str:Code urn="urn:sdmx:org.sdmx.infomodel.codelist.Code=UNICEF:CL_AGE(1.0).Y3T14" id="Y3T14"><com:Name xml:lang="en">3 to 14 years old</com:Name></str:Code><str:Code urn="urn:sdmx:org.sdmx.infomodel.codelist.Code=UNICEF:CL_AGE(1.0).Y3T17" id="Y3T17"><com:Name xml:lang="en">3 to 17 years old</com:Name></str:Code><str:Code urn="urn:sdmx:org.sdmx.infomodel.codelist.Code=UNICEF:CL_AGE(1.0).Y3T4" id="Y3T4"><com:Name xml:lang="en">3 to 4 years old</com:Name></str:Code><str:Code urn="urn:sdmx:org.sdmx.infomodel.codelist.Code=UNICEF:CL_AGE(1.0).Y3T5" id="Y3T5"><com:Name xml:lang="en">3 to 5 years old</com:Name></str:Code><str:Code urn="urn:sdmx:org.sdmx.infomodel.codelist.Code=UNICEF:CL_AGE(1.0).Y3T6" id="Y3T6"><com:Name xml:lang="en">3 to 6 years old</com:Name></str:Code><str:Code urn="urn:sdmx:org.sdmx.infomodel.codelist.Code=UNICEF:CL_AGE(1.0).Y3T7" id="Y3T7"><com:Name xml:lang="en">3 to 7 years old</com:Name></str:Code><str:Code urn="urn:sdmx:org.sdmx.infomodel.codelist.Code=UNICEF:CL_AGE(1.0).Y40" id="Y40"><com:Name xml:lang="en">40 years old</com:Name></str:Code><str:Code urn="urn:sdmx:org.sdmx.infomodel.codelist.Code=UNICEF:CL_AGE(1.0).Y40T43" id="Y40T43"><com:Name xml:lang="en">40 to 43 years old</com:Name></str:Code><str:Code urn="urn:sdmx:org.sdmx.infomodel.codelist.Code=UNICEF:CL_AGE(1.0).Y40T44" id="Y40T44"><com:Name xml:lang="en">40 to 44 years old</com:Name></str:Code><str:Code urn="urn:sdmx:org.sdmx.infomodel.codelist.Code=UNICEF:CL_AGE(1.0).Y40T45" id="Y40T45"><com:Name xml:lang="en">40 to 45 years old</com:Name></str:Code><str:Code urn="urn:sdmx:org.sdmx.infomodel.codelist.Code=UNICEF:CL_AGE(1.0).Y40T49" id="Y40T49"><com:Name xml:lang="en">40 to 49 years old</com:Name></str:Code><str:Code urn="urn:sdmx:org.sdmx.infomodel.codelist.Code=UNICEF:CL_AGE(1.0).Y40T59" id="Y40T59"><com:Name xml:lang="en">40 to 59 years old</com:Name></str:Code><str:Code urn="urn:sdmx:org.sdmx.infomodel.codelist.Code=UNICEF:CL_AGE(1.0).Y41" id="Y41"><com:Name xml:lang="en">41 years old</com:Name></str:Code><str:Code urn="urn:sdmx:org.sdmx.infomodel.codelist.Code=UNICEF:CL_AGE(1.0).Y42" id="Y42"><com:Name xml:lang="en">42 years old</com:Name></str:Code><str:Code urn="urn:sdmx:org.sdmx.infomodel.codelist.Code=UNICEF:CL_AGE(1.0).Y43" id="Y43"><com:Name xml:lang="en">43 years old</com:Name></str:Code><str:Code urn="urn:sdmx:org.sdmx.infomodel.codelist.Code=UNICEF:CL_AGE(1.0).Y44" id="Y44"><com:Name xml:lang="en">44 years old</com:Name></str:Code><str:Code urn="urn:sdmx:org.sdmx.infomodel.codelist.Code=UNICEF:CL_AGE(1.0).Y45" id="Y45"><com:Name xml:lang="en">45 years old</com:Name></str:Code><str:Code urn="urn:sdmx:org.sdmx.infomodel.codelist.Code=UNICEF:CL_AGE(1.0).Y45T48" id="Y45T48"><com:Name xml:lang="en">45 to 48 years old</com:Name></str:Code><str:Code urn="urn:sdmx:org.sdmx.infomodel.codelist.Code=UNICEF:CL_AGE(1.0).Y45T49" id="Y45T49"><com:Name xml:lang="en">45 to 49 years old</com:Name></str:Code><str:Code urn="urn:sdmx:org.sdmx.infomodel.codelist.Code=UNICEF:CL_AGE(1.0).Y45T50" id="Y45T50"><com:Name xml:lang="en">45 to 50 years old</com:Name></str:Code><str:Code urn="urn:sdmx:org.sdmx.infomodel.codelist.Code=UNICEF:CL_AGE(1.0).Y45T54" id="Y45T54"><com:Name xml:lang="en">45 to 54 years old</com:Name></str:Code><str:Code urn="urn:sdmx:org.sdmx.infomodel.codelist.Code=UNICEF:CL_AGE(1.0).Y45T58" id="Y45T58"><com:Name xml:lang="en">45 to 58 years old</com:Name></str:Code><str:Code urn="urn:sdmx:org.sdmx.infomodel.codelist.Code=UNICEF:CL_AGE(1.0).Y45T59" id="Y45T59"><com:Name xml:lang="en">45 to 59 years old</com:Name></str:Code><str:Code urn="urn:sdmx:org.sdmx.infomodel.codelist.Code=UNICEF:CL_AGE(1.0).Y45T64" id="Y45T64"><com:Name xml:lang="en">45 to 64 years old</com:Name></str:Code><str:Code urn="urn:sdmx:org.sdmx.infomodel.codelist.Code=UNICEF:CL_AGE(1.0).Y46" id="Y46"><com:Name xml:lang="en">46 years old</com:Name></str:Code><str:Code urn="urn:sdmx:org.sdmx.infomodel.codelist.Code=UNICEF:CL_AGE(1.0).Y47" id="Y47"><com:Name xml:lang="en">47 years old</com:Name></str:Code><str:Code urn="urn:sdmx:org.sdmx.infomodel.codelist.Code=UNICEF:CL_AGE(1.0).Y48" id="Y48"><com:Name xml:lang="en">48 years old</com:Name></str:Code><str:Code urn="urn:sdmx:org.sdmx.infomodel.codelist.Code=UNICEF:CL_AGE(1.0).Y49" id="Y49"><com:Name xml:lang="en">49 years old</com:Name></str:Code><str:Code urn="urn:sdmx:org.sdmx.infomodel.codelist.Code=UNICEF:CL_AGE(1.0).Y4T5" id="Y4T5"><com:Name xml:lang="en">4 to 5 years old</com:Name></str:Code><str:Code urn="urn:sdmx:org.sdmx.infomodel.codelist.Code=UNICEF:CL_AGE(1.0).Y4T6" id="Y4T6"><com:Name xml:lang="en">4 to 6 years old</com:Name></str:Code><str:Code urn="urn:sdmx:org.sdmx.infomodel.codelist.Code=UNICEF:CL_AGE(1.0).Y4T9" id="Y4T9"><com:Name xml:lang="en">4 to 9 years old</com:Name></str:Code><str:Code urn="urn:sdmx:org.sdmx.infomodel.codelist.Code=UNICEF:CL_AGE(1.0).Y50" id="Y50"><com:Name xml:lang="en">50 years old</com:Name></str:Code><str:Code urn="urn:sdmx:org.sdmx.infomodel.codelist.Code=UNICEF:CL_AGE(1.0).Y50T54" id="Y50T54"><com:Name xml:lang="en">50 to 54 years old</com:Name></str:Code><str:Code urn="urn:sdmx:org.sdmx.infomodel.codelist.Code=UNICEF:CL_AGE(1.0).Y50T55" id="Y50T55"><com:Name xml:lang="en">50 to 55 years old</com:Name></str:Code><str:Code urn="urn:sdmx:org.sdmx.infomodel.codelist.Code=UNICEF:CL_AGE(1.0).Y50T59" id="Y50T59"><com:Name xml:lang="en">50 to 59 years old</com:Name></str:Code><str:Code urn="urn:sdmx:org.sdmx.infomodel.codelist.Code=UNICEF:CL_AGE(1.0).Y50T64" id="Y50T64"><com:Name xml:lang="en">50 to 64 years old</com:Name></str:Code><str:Code urn="urn:sdmx:org.sdmx.infomodel.codelist.Code=UNICEF:CL_AGE(1.0).Y50T69" id="Y50T69"><com:Name xml:lang="en">50 to 69 years old</com:Name></str:Code><str:Code urn="urn:sdmx:org.sdmx.infomodel.codelist.Code=UNICEF:CL_AGE(1.0).Y51" id="Y51"><com:Name xml:lang="en">51 years old</com:Name></str:Code><str:Code urn="urn:sdmx:org.sdmx.infomodel.codelist.Code=UNICEF:CL_AGE(1.0).Y52" id="Y52"><com:Name xml:lang="en">52 years old</com:Name></str:Code><str:Code urn="urn:sdmx:org.sdmx.infomodel.codelist.Code=UNICEF:CL_AGE(1.0).Y53" id="Y53"><com:Name xml:lang="en">53 years old</com:Name></str:Code><str:Code urn="urn:sdmx:org.sdmx.infomodel.codelist.Code=UNICEF:CL_AGE(1.0).Y54" id="Y54"><com:Name xml:lang="en">54 years old</com:Name></str:Code><str:Code urn="urn:sdmx:org.sdmx.infomodel.codelist.Code=UNICEF:CL_AGE(1.0).Y55" id="Y55"><com:Name xml:lang="en">55 years old</com:Name></str:Code><str:Code urn="urn:sdmx:org.sdmx.infomodel.codelist.Code=UNICEF:CL_AGE(1.0).Y55T59" id="Y55T59"><com:Name xml:lang="en">55 to 59 years old</com:Name></str:Code><str:Code urn="urn:sdmx:org.sdmx.infomodel.codelist.Code=UNICEF:CL_AGE(1.0).Y55T60" id="Y55T60"><com:Name xml:lang="en">55 to 60 years old</com:Name></str:Code><str:Code urn="urn:sdmx:org.sdmx.infomodel.codelist.Code=UNICEF:CL_AGE(1.0).Y55T64" id="Y55T64"><com:Name xml:lang="en">55 to 64 years old</com:Name></str:Code><str:Code urn="urn:sdmx:org.sdmx.infomodel.codelist.Code=UNICEF:CL_AGE(1.0).Y56" id="Y56"><com:Name xml:lang="en">56 years old</com:Name></str:Code><str:Code urn="urn:sdmx:org.sdmx.infomodel.codelist.Code=UNICEF:CL_AGE(1.0).Y57" id="Y57"><com:Name xml:lang="en">57 years old</com:Name></str:Code><str:Code urn="urn:sdmx:org.sdmx.infomodel.codelist.Code=UNICEF:CL_AGE(1.0).Y58" id="Y58"><com:Name xml:lang="en">58 years old</com:Name></str:Code><str:Code urn="urn:sdmx:org.sdmx.infomodel.codelist.Code=UNICEF:CL_AGE(1.0).Y59" id="Y59"><com:Name xml:lang="en">59 years old</com:Name></str:Code><str:Code urn="urn:sdmx:org.sdmx.infomodel.codelist.Code=UNICEF:CL_AGE(1.0).Y5T10" id="Y5T10"><com:Name xml:lang="en">5 to 10 years old</com:Name></str:Code><str:Code urn="urn:sdmx:org.sdmx.infomodel.codelist.Code=UNICEF:CL_AGE(1.0).Y5T12" id="Y5T12"><com:Name xml:lang="en">5 to 12 years old</com:Name></str:Code><str:Code urn="urn:sdmx:org.sdmx.infomodel.codelist.Code=UNICEF:CL_AGE(1.0).Y5T13" id="Y5T13"><com:Name xml:lang="en">5 to 13 years old</com:Name></str:Code><str:Code urn="urn:sdmx:org.sdmx.infomodel.codelist.Code=UNICEF:CL_AGE(1.0).Y5T14" id="Y5T14"><com:Name xml:lang="en">5 to 14 years old</com:Name></str:Code><str:Code urn="urn:sdmx:org.sdmx.infomodel.codelist.Code=UNICEF:CL_AGE(1.0).Y5T16" id="Y5T16"><com:Name xml:lang="en">5 to 16 years old</com:Name></str:Code><str:Code urn="urn:sdmx:org.sdmx.infomodel.codelist.Code=UNICEF:CL_AGE(1.0).Y5T17" id="Y5T17"><com:Name xml:lang="en">5 to 17 years old</com:Name></str:Code><str:Code urn="urn:sdmx:org.sdmx.infomodel.codelist.Code=UNICEF:CL_AGE(1.0).Y5T18" id="Y5T18"><com:Name xml:lang="en">5 to 18 years old</com:Name></str:Code><str:Code urn="urn:sdmx:org.sdmx.infomodel.codelist.Code=UNICEF:CL_AGE(1.0).Y5T19" id="Y5T19"><com:Name xml:lang="en">5 to 19 years old</com:Name></str:Code><str:Code urn="urn:sdmx:org.sdmx.infomodel.codelist.Code=UNICEF:CL_AGE(1.0).Y5T8" id="Y5T8"><com:Name xml:lang="en">5 to 8 years old</com:Name></str:Code><str:Code urn="urn:sdmx:org.sdmx.infomodel.codelist.Code=UNICEF:CL_AGE(1.0).Y5T9" id="Y5T9"><com:Name xml:lang="en">5 to 9 years old</com:Name></str:Code><str:Code urn="urn:sdmx:org.sdmx.infomodel.codelist.Code=UNICEF:CL_AGE(1.0).Y60" id="Y60"><com:Name xml:lang="en">60 years old</com:Name></str:Code><str:Code urn="urn:sdmx:org.sdmx.infomodel.codelist.Code=UNICEF:CL_AGE(1.0).Y60T64" id="Y60T64"><com:Name xml:lang="en">60 to 64 years old</com:Name></str:Code><str:Code urn="urn:sdmx:org.sdmx.infomodel.codelist.Code=UNICEF:CL_AGE(1.0).Y60T65" id="Y60T65"><com:Name xml:lang="en">60 to 65 years old</com:Name></str:Code><str:Code urn="urn:sdmx:org.sdmx.infomodel.codelist.Code=UNICEF:CL_AGE(1.0).Y60T69" id="Y60T69"><com:Name xml:lang="en">60 to 69 years old</com:Name></str:Code><str:Code urn="urn:sdmx:org.sdmx.infomodel.codelist.Code=UNICEF:CL_AGE(1.0).Y61" id="Y61"><com:Name xml:lang="en">61 years old</com:Name></str:Code><str:Code urn="urn:sdmx:org.sdmx.infomodel.codelist.Code=UNICEF:CL_AGE(1.0).Y62" id="Y62"><com:Name xml:lang="en">62 years old</com:Name></str:Code><str:Code urn="urn:sdmx:org.sdmx.infomodel.codelist.Code=UNICEF:CL_AGE(1.0).Y63" id="Y63"><com:Name xml:lang="en">63 years old</com:Name></str:Code><str:Code urn="urn:sdmx:org.sdmx.infomodel.codelist.Code=UNICEF:CL_AGE(1.0).Y64" id="Y64"><com:Name xml:lang="en">64 years old</com:Name></str:Code><str:Code urn="urn:sdmx:org.sdmx.infomodel.codelist.Code=UNICEF:CL_AGE(1.0).Y65" id="Y65"><com:Name xml:lang="en">65 years old</com:Name></str:Code><str:Code urn="urn:sdmx:org.sdmx.infomodel.codelist.Code=UNICEF:CL_AGE(1.0).Y65T69" id="Y65T69"><com:Name xml:lang="en">65 to 69 years old</com:Name></str:Code><str:Code urn="urn:sdmx:org.sdmx.infomodel.codelist.Code=UNICEF:CL_AGE(1.0).Y65T70" id="Y65T70"><com:Name xml:lang="en">65 to 70 years old</com:Name></str:Code><str:Code urn="urn:sdmx:org.sdmx.infomodel.codelist.Code=UNICEF:CL_AGE(1.0).Y65T74" id="Y65T74"><com:Name xml:lang="en">65 to 74 years old</com:Name></str:Code><str:Code urn="urn:sdmx:org.sdmx.infomodel.codelist.Code=UNICEF:CL_AGE(1.0).Y66" id="Y66"><com:Name xml:lang="en">66 years old</com:Name></str:Code><str:Code urn="urn:sdmx:org.sdmx.infomodel.codelist.Code=UNICEF:CL_AGE(1.0).Y67" id="Y67"><com:Name xml:lang="en">67 years old</com:Name></str:Code><str:Code urn="urn:sdmx:org.sdmx.infomodel.codelist.Code=UNICEF:CL_AGE(1.0).Y68" id="Y68"><com:Name xml:lang="en">68 years old</com:Name></str:Code><str:Code urn="urn:sdmx:org.sdmx.infomodel.codelist.Code=UNICEF:CL_AGE(1.0).Y69" id="Y69"><com:Name xml:lang="en">69 years old</com:Name></str:Code><str:Code urn="urn:sdmx:org.sdmx.infomodel.codelist.Code=UNICEF:CL_AGE(1.0).Y6T10" id="Y6T10"><com:Name xml:lang="en">6 to 10 years old</com:Name></str:Code><str:Code urn="urn:sdmx:org.sdmx.infomodel.codelist.Code=UNICEF:CL_AGE(1.0).Y6T11" id="Y6T11"><com:Name xml:lang="en">6 to 11 years old</com:Name></str:Code><str:Code urn="urn:sdmx:org.sdmx.infomodel.codelist.Code=UNICEF:CL_AGE(1.0).Y6T14" id="Y6T14"><com:Name xml:lang="en">6 to 14 years old</com:Name></str:Code><str:Code urn="urn:sdmx:org.sdmx.infomodel.codelist.Code=UNICEF:CL_AGE(1.0).Y6T16" id="Y6T16"><com:Name xml:lang="en">6 to 16 years old</com:Name></str:Code><str:Code urn="urn:sdmx:org.sdmx.infomodel.codelist.Code=UNICEF:CL_AGE(1.0).Y6T17" id="Y6T17"><com:Name xml:lang="en">6 to 17 years old</com:Name></str:Code><str:Code urn="urn:sdmx:org.sdmx.infomodel.codelist.Code=UNICEF:CL_AGE(1.0).Y6T18" id="Y6T18"><com:Name xml:lang="en">6 to 18 years old</com:Name></str:Code><str:Code urn="urn:sdmx:org.sdmx.infomodel.codelist.Code=UNICEF:CL_AGE(1.0).Y70" id="Y70"><com:Name xml:lang="en">70 years old</com:Name></str:Code><str:Code urn="urn:sdmx:org.sdmx.infomodel.codelist.Code=UNICEF:CL_AGE(1.0).Y70T74" id="Y70T74"><com:Name xml:lang="en">70 to 74 years old</com:Name></str:Code><str:Code urn="urn:sdmx:org.sdmx.infomodel.codelist.Code=UNICEF:CL_AGE(1.0).Y70T75" id="Y70T75"><com:Name xml:lang="en">70 to 75 years old</com:Name></str:Code><str:Code urn="urn:sdmx:org.sdmx.infomodel.codelist.Code=UNICEF:CL_AGE(1.0).Y70T79" id="Y70T79"><com:Name xml:lang="en">70 to 79 years old</com:Name></str:Code><str:Code urn="urn:sdmx:org.sdmx.infomodel.codelist.Code=UNICEF:CL_AGE(1.0).Y71" id="Y71"><com:Name xml:lang="en">71 years old</com:Name></str:Code><str:Code urn="urn:sdmx:org.sdmx.infomodel.codelist.Code=UNICEF:CL_AGE(1.0).Y72" id="Y72"><com:Name xml:lang="en">72 years old</com:Name></str:Code><str:Code urn="urn:sdmx:org.sdmx.infomodel.codelist.Code=UNICEF:CL_AGE(1.0).Y73" id="Y73"><com:Name xml:lang="en">73 years old</com:Name></str:Code><str:Code urn="urn:sdmx:org.sdmx.infomodel.codelist.Code=UNICEF:CL_AGE(1.0).Y74" id="Y74"><com:Name xml:lang="en">74 years old</com:Name></str:Code><str:Code urn="urn:sdmx:org.sdmx.infomodel.codelist.Code=UNICEF:CL_AGE(1.0).Y75" id="Y75"><com:Name xml:lang="en">75 years old</com:Name></str:Code><str:Code urn="urn:sdmx:org.sdmx.infomodel.codelist.Code=UNICEF:CL_AGE(1.0).Y75T79" id="Y75T79"><com:Name xml:lang="en">75 to 79 years old</com:Name></str:Code><str:Code urn="urn:sdmx:org.sdmx.infomodel.codelist.Code=UNICEF:CL_AGE(1.0).Y75T80" id="Y75T80"><com:Name xml:lang="en">75 to 80 years old</com:Name></str:Code><str:Code urn="urn:sdmx:org.sdmx.infomodel.codelist.Code=UNICEF:CL_AGE(1.0).Y75T84" id="Y75T84"><com:Name xml:lang="en">75 to 84 years old</com:Name></str:Code><str:Code urn="urn:sdmx:org.sdmx.infomodel.codelist.Code=UNICEF:CL_AGE(1.0).Y76" id="Y76"><com:Name xml:lang="en">76 years old</com:Name></str:Code><str:Code urn="urn:sdmx:org.sdmx.infomodel.codelist.Code=UNICEF:CL_AGE(1.0).Y77" id="Y77"><com:Name xml:lang="en">77 years old</com:Name></str:Code><str:Code urn="urn:sdmx:org.sdmx.infomodel.codelist.Code=UNICEF:CL_AGE(1.0).Y78" id="Y78"><com:Name xml:lang="en">78 years old</com:Name></str:Code><str:Code urn="urn:sdmx:org.sdmx.infomodel.codelist.Code=UNICEF:CL_AGE(1.0).Y79" id="Y79"><com:Name xml:lang="en">79 years old</com:Name></str:Code><str:Code urn="urn:sdmx:org.sdmx.infomodel.codelist.Code=UNICEF:CL_AGE(1.0).Y7T14" id="Y7T14"><com:Name xml:lang="en">7 to 14 years old</com:Name></str:Code><str:Code urn="urn:sdmx:org.sdmx.infomodel.codelist.Code=UNICEF:CL_AGE(1.0).Y7T16" id="Y7T16"><com:Name xml:lang="en">7 to 16 years old</com:Name></str:Code><str:Code urn="urn:sdmx:org.sdmx.infomodel.codelist.Code=UNICEF:CL_AGE(1.0).Y7T17" id="Y7T17"><com:Name xml:lang="en">7 to 17 years old</com:Name></str:Code><str:Code urn="urn:sdmx:org.sdmx.infomodel.codelist.Code=UNICEF:CL_AGE(1.0).Y7T9" id="Y7T9"><com:Name xml:lang="en">7 to 9 years old</com:Name></str:Code><str:Code urn="urn:sdmx:org.sdmx.infomodel.codelist.Code=UNICEF:CL_AGE(1.0).Y80" id="Y80"><com:Name xml:lang="en">80 years old</com:Name></str:Code><str:Code urn="urn:sdmx:org.sdmx.infomodel.codelist.Code=UNICEF:CL_AGE(1.0).Y80T84" id="Y80T84"><com:Name xml:lang="en">80 to 84 years old</com:Name></str:Code><str:Code urn="urn:sdmx:org.sdmx.infomodel.codelist.Code=UNICEF:CL_AGE(1.0).Y80T85" id="Y80T85"><com:Name xml:lang="en">80 to 85 years old</com:Name></str:Code><str:Code urn="urn:sdmx:org.sdmx.infomodel.codelist.Code=UNICEF:CL_AGE(1.0).Y80T89" id="Y80T89"><com:Name xml:lang="en">80 to 89 years old</com:Name></str:Code><str:Code urn="urn:sdmx:org.sdmx.infomodel.codelist.Code=UNICEF:CL_AGE(1.0).Y81" id="Y81"><com:Name xml:lang="en">81 years old</com:Name></str:Code><str:Code urn="urn:sdmx:org.sdmx.infomodel.codelist.Code=UNICEF:CL_AGE(1.0).Y82" id="Y82"><com:Name xml:lang="en">82 years old</com:Name></str:Code><str:Code urn="urn:sdmx:org.sdmx.infomodel.codelist.Code=UNICEF:CL_AGE(1.0).Y83" id="Y83"><com:Name xml:lang="en">83 years old</com:Name></str:Code><str:Code urn="urn:sdmx:org.sdmx.infomodel.codelist.Code=UNICEF:CL_AGE(1.0).Y84" id="Y84"><com:Name xml:lang="en">84 years old</com:Name></str:Code><str:Code urn="urn:sdmx:org.sdmx.infomodel.codelist.Code=UNICEF:CL_AGE(1.0).Y85" id="Y85"><com:Name xml:lang="en">85 years old</com:Name></str:Code><str:Code urn="urn:sdmx:org.sdmx.infomodel.codelist.Code=UNICEF:CL_AGE(1.0).Y85T89" id="Y85T89"><com:Name xml:lang="en">85 to 89 years old</com:Name></str:Code><str:Code urn="urn:sdmx:org.sdmx.infomodel.codelist.Code=UNICEF:CL_AGE(1.0).Y85T90" id="Y85T90"><com:Name xml:lang="en">85 to 90 years old</com:Name></str:Code><str:Code urn="urn:sdmx:org.sdmx.infomodel.codelist.Code=UNICEF:CL_AGE(1.0).Y86" id="Y86"><com:Name xml:lang="en">86 years old</com:Name></str:Code><str:Code urn="urn:sdmx:org.sdmx.infomodel.codelist.Code=UNICEF:CL_AGE(1.0).Y87" id="Y87"><com:Name xml:lang="en">87 years old</com:Name></str:Code><str:Code urn="urn:sdmx:org.sdmx.infomodel.codelist.Code=UNICEF:CL_AGE(1.0).Y88" id="Y88"><com:Name xml:lang="en">88 years old</com:Name></str:Code><str:Code urn="urn:sdmx:org.sdmx.infomodel.codelist.Code=UNICEF:CL_AGE(1.0).Y89" id="Y89"><com:Name xml:lang="en">89 years old</com:Name></str:Code><str:Code urn="urn:sdmx:org.sdmx.infomodel.codelist.Code=UNICEF:CL_AGE(1.0).Y8T17" id="Y8T17"><com:Name xml:lang="en">8 to 17 years</com:Name></str:Code><str:Code urn="urn:sdmx:org.sdmx.infomodel.codelist.Code=UNICEF:CL_AGE(1.0).Y90" id="Y90"><com:Name xml:lang="en">90 years old</com:Name></str:Code><str:Code urn="urn:sdmx:org.sdmx.infomodel.codelist.Code=UNICEF:CL_AGE(1.0).Y90T94" id="Y90T94"><com:Name xml:lang="en">90 to 94 years old</com:Name></str:Code><str:Code urn="urn:sdmx:org.sdmx.infomodel.codelist.Code=UNICEF:CL_AGE(1.0).Y90T95" id="Y90T95"><com:Name xml:lang="en">90 to 95 years old</com:Name></str:Code><str:Code urn="urn:sdmx:org.sdmx.infomodel.codelist.Code=UNICEF:CL_AGE(1.0).Y90T99" id="Y90T99"><com:Name xml:lang="en">90 to 99 years old</com:Name></str:Code><str:Code urn="urn:sdmx:org.sdmx.infomodel.codelist.Code=UNICEF:CL_AGE(1.0).Y91" id="Y91"><com:Name xml:lang="en">91 years old</com:Name></str:Code><str:Code urn="urn:sdmx:org.sdmx.infomodel.codelist.Code=UNICEF:CL_AGE(1.0).Y92" id="Y92"><com:Name xml:lang="en">92 years old</com:Name></str:Code><str:Code urn="urn:sdmx:org.sdmx.infomodel.codelist.Code=UNICEF:CL_AGE(1.0).Y93" id="Y93"><com:Name xml:lang="en">93 years old</com:Name></str:Code><str:Code urn="urn:sdmx:org.sdmx.infomodel.codelist.Code=UNICEF:CL_AGE(1.0).Y94" id="Y94"><com:Name xml:lang="en">94 years old</com:Name></str:Code><str:Code urn="urn:sdmx:org.sdmx.infomodel.codelist.Code=UNICEF:CL_AGE(1.0).Y95" id="Y95"><com:Name xml:lang="en">95 years old</com:Name></str:Code><str:Code urn="urn:sdmx:org.sdmx.infomodel.codelist.Code=UNICEF:CL_AGE(1.0).Y95T99" id="Y95T99"><com:Name xml:lang="en">95 to 99 years old</com:Name></str:Code><str:Code urn="urn:sdmx:org.sdmx.infomodel.codelist.Code=UNICEF:CL_AGE(1.0).Y96" id="Y96"><com:Name xml:lang="en">96 years old</com:Name></str:Code><str:Code urn="urn:sdmx:org.sdmx.infomodel.codelist.Code=UNICEF:CL_AGE(1.0).Y97" id="Y97"><com:Name xml:lang="en">97 years old</com:Name></str:Code><str:Code urn="urn:sdmx:org.sdmx.infomodel.codelist.Code=UNICEF:CL_AGE(1.0).Y98" id="Y98"><com:Name xml:lang="en">98 years old</com:Name></str:Code><str:Code urn="urn:sdmx:org.sdmx.infomodel.codelist.Code=UNICEF:CL_AGE(1.0).Y99" id="Y99"><com:Name xml:lang="en">99 years old</com:Name></str:Code><str:Code urn="urn:sdmx:org.sdmx.infomodel.codelist.Code=UNICEF:CL_AGE(1.0).Y9T17" id="Y9T17"><com:Name xml:lang="en">9 to 17 years old</com:Name></str:Code><str:Code urn="urn:sdmx:org.sdmx.infomodel.codelist.Code=UNICEF:CL_AGE(1.0).Y9T19" id="Y9T19"><com:Name xml:lang="en">9 to 19 years old</com:Name></str:Code><str:Code urn="urn:sdmx:org.sdmx.infomodel.codelist.Code=UNICEF:CL_AGE(1.0).Y9T79" id="Y9T79"><com:Name xml:lang="en">9 to 79 years old</com:Name></str:Code><str:Code urn="urn:sdmx:org.sdmx.infomodel.codelist.Code=UNICEF:CL_AGE(1.0).YNG_ADLT" id="YNG_ADLT"><com:Name xml:lang="en">Younger adults</com:Name></str:Code><str:Code urn="urn:sdmx:org.sdmx.infomodel.codelist.Code=UNICEF:CL_AGE(1.0).Y_GE10" id="Y_GE10"><com:Name xml:lang="en">10 years old and over</com:Name></str:Code><str:Code urn="urn:sdmx:org.sdmx.infomodel.codelist.Code=UNICEF:CL_AGE(1.0).Y_GE100" id="Y_GE100"><com:Name xml:lang="en">100 years old and over</com:Name></str:Code><str:Code urn="urn:sdmx:org.sdmx.infomodel.codelist.Code=UNICEF:CL_AGE(1.0).Y_GE12" id="Y_GE12"><com:Name xml:lang="en">12 years old and over</com:Name></str:Code><str:Code urn="urn:sdmx:org.sdmx.infomodel.codelist.Code=UNICEF:CL_AGE(1.0).Y_GE14" id="Y_GE14"><com:Name xml:lang="en">14 years old and over</com:Name></str:Code><str:Code urn="urn:sdmx:org.sdmx.infomodel.codelist.Code=UNICEF:CL_AGE(1.0).Y_GE15" id="Y_GE15"><com:Name xml:lang="en">15 years old and over</com:Name></str:Code><str:Code urn="urn:sdmx:org.sdmx.infomodel.codelist.Code=UNICEF:CL_AGE(1.0).Y_GE16" id="Y_GE16"><com:Name xml:lang="en">16 years old and over</com:Name></str:Code><str:Code urn="urn:sdmx:org.sdmx.infomodel.codelist.Code=UNICEF:CL_AGE(1.0).Y_GE18" id="Y_GE18"><com:Name xml:lang="en">18 years old and over</com:Name></str:Code><str:Code urn="urn:sdmx:org.sdmx.infomodel.codelist.Code=UNICEF:CL_AGE(1.0).Y_GE20" id="Y_GE20"><com:Name xml:lang="en">20 years old and over</com:Name></str:Code><str:Code urn="urn:sdmx:org.sdmx.infomodel.codelist.Code=UNICEF:CL_AGE(1.0).Y_GE25" id="Y_GE25"><com:Name xml:lang="en">25 years old and over</com:Name></str:Code><str:Code urn="urn:sdmx:org.sdmx.infomodel.codelist.Code=UNICEF:CL_AGE(1.0).Y_GE3" id="Y_GE3"><com:Name xml:lang="en">3 years old and over</com:Name></str:Code><str:Code urn="urn:sdmx:org.sdmx.infomodel.codelist.Code=UNICEF:CL_AGE(1.0).Y_GE5" id="Y_GE5"><com:Name xml:lang="en">5 years old and over</com:Name></str:Code><str:Code urn="urn:sdmx:org.sdmx.infomodel.codelist.Code=UNICEF:CL_AGE(1.0).Y_GE50" id="Y_GE50"><com:Name xml:lang="en">50 years and over</com:Name></str:Code><str:Code urn="urn:sdmx:org.sdmx.infomodel.codelist.Code=UNICEF:CL_AGE(1.0).Y_GE55" id="Y_GE55"><com:Name xml:lang="en">55 years old and over</com:Name></str:Code><str:Code urn="urn:sdmx:org.sdmx.infomodel.codelist.Code=UNICEF:CL_AGE(1.0).Y_GE6" id="Y_GE6"><com:Name xml:lang="en">6 years old and over</com:Name></str:Code><str:Code urn="urn:sdmx:org.sdmx.infomodel.codelist.Code=UNICEF:CL_AGE(1.0).Y_GE60" id="Y_GE60"><com:Name xml:lang="en">60 years old and over</com:Name></str:Code><str:Code urn="urn:sdmx:org.sdmx.infomodel.codelist.Code=UNICEF:CL_AGE(1.0).Y_GE65" id="Y_GE65"><com:Name xml:lang="en">65 years old and over</com:Name></str:Code><str:Code urn="urn:sdmx:org.sdmx.infomodel.codelist.Code=UNICEF:CL_AGE(1.0).Y_GE7" id="Y_GE7"><com:Name xml:lang="en">7 years old and over</com:Name></str:Code><str:Code urn="urn:sdmx:org.sdmx.infomodel.codelist.Code=UNICEF:CL_AGE(1.0).Y_GE70" id="Y_GE70"><com:Name xml:lang="en">70 years old and over</com:Name></str:Code><str:Code urn="urn:sdmx:org.sdmx.infomodel.codelist.Code=UNICEF:CL_AGE(1.0).Y_GE75" id="Y_GE75"><com:Name xml:lang="en">75 years old and over</com:Name></str:Code><str:Code urn="urn:sdmx:org.sdmx.infomodel.codelist.Code=UNICEF:CL_AGE(1.0).Y_GE80" id="Y_GE80"><com:Name xml:lang="en">80 years old and over</com:Name></str:Code><str:Code urn="urn:sdmx:org.sdmx.infomodel.codelist.Code=UNICEF:CL_AGE(1.0).Y_GE85" id="Y_GE85"><com:Name xml:lang="en">85 years old and over</com:Name></str:Code><str:Code urn="urn:sdmx:org.sdmx.infomodel.codelist.Code=UNICEF:CL_AGE(1.0).Y_GE90" id="Y_GE90"><com:Name xml:lang="en">90 years old and over</com:Name></str:Code><str:Code urn="urn:sdmx:org.sdmx.infomodel.codelist.Code=UNICEF:CL_AGE(1.0).Y_GE95" id="Y_GE95"><com:Name xml:lang="en">95 years old and over</com:Name></str:Code><str:Code urn="urn:sdmx:org.sdmx.infomodel.codelist.Code=UNICEF:CL_AGE(1.0)._T" id="_T"><com:Name xml:lang="en">Total</com:Name></str:Code><str:Code urn="urn:sdmx:org.sdmx.infomodel.codelist.Code=UNICEF:CL_AGE(1.0)._U" id="_U"><com:Name xml:lang="en">Unknown</com:Name></str:Code></str:Codelist></str:Codelists></mes:Structures></mes:Structure>