REF_AREA,Geographic area,INDICATOR,Indicator,SEX,Sex,WEALTH_QUINTILE,Wealth Quintile,DATA_SOURCE,COUNTRY_NOTES,UNIT_MEASURE,Unit of measure,TIME_PERIOD,OBS_VALUE,REF_PERIOD,LOWER_BOUND,UPPER_BOUND,OBS_STATUS,Observation Status
BRA,Brazil,CME_MRY0T4,Under-five mortality rate,F,Female,_T,Total,UN_IGME,,D_PER_1000_B,"Deaths per 1,000 live births",2020,13.1817699535802,,12.1070752264054,14.3687725554605,A,Normal value
BRA,Brazil,CME_MRY0T4,Under-five mortality rate,M,Male,_T,Total,UN_IGME,,D_PER_1000_B,"Deaths per 1,000 live births",2020,16.4820603661006,,15.2344717830483,17.811749091182,A,Normal value
BRA,Brazil,CME_MRY0T4,Under-five mortality rate,_T,Total,_T,Total,UN_IGME,,D_PER_1000_B,"Deaths per 1,000 live births",2020,14.8718958055686,,13.8983933186241,15.9142491084894,A,Normal value
USA,United States,CME_MRY0T4,Under-five mortality rate,F,Female,_T,Total,UN_IGME,,D_PER_1000_B,"Deaths per 1,000 live births",2020,5.87195259413863,,5.75957645227195,5.98592215708259,A,Normal value
USA,United States,CME_MRY0T4,Under-five mortality rate,M,Male,_T,Total,UN_IGME,,D_PER_1000_B,"Deaths per 1,000 live births",2020,7.03562040903009,,6.90668510860231,7.16285688984591,A,Normal value
USA,United States,CME_MRY0T4,Under-five mortality rate,_T,Total,_T,Total,UN_IGME,,D_PER_1000_B,"Deaths per 1,000 live births",2020,6.46878461763762,,6.35545280092989,6.5800896772505,A,Normal value
